,positions,eventName,goal,assist,key_pass,left_foot,right_foot
0,"[{'y': 27, 'x': 91}, {'y': 0, 'x': 0}]",Shot,False,False,False,False,True
1,"[{'y': 53, 'x': 68}, {'y': 67, 'x': 53}]",Pass,False,False,False,False,False
2,"[{'y': 48, 'x': 96}, {'y': 0, 'x': 0}]",Shot,False,False,False,False,True
3,"[{'y': 29, 'x': 38}, {'y': 62, 'x': 32}]",Pass,False,False,False,False,False
4,"[{'y': 40, 'x': 26}, {'y': 41, 'x': 40}]",Others on the ball,False,False,False,False,False
5,"[{'y': 41, 'x': 40}, {'y': 58, 'x': 44}]",Pass,False,False,False,False,False
6,"[{'y': 83, 'x': 85}, {'y': 53, 'x': 93}]",Pass,False,False,False,False,True
7,"[{'y': 66, 'x': 86}, {'y': 0, 'x': 0}]",Shot,False,False,False,False,True
8,"[{'y': 81, 'x': 74}, {'y': 83, 'x': 92}]",Pass,False,False,False,False,False
9,"[{'y': 56, 'x': 7}, {'y': 100, 'x': 24}]",Others on the ball,False,False,False,False,False
10,"[{'y': 48, 'x': 88}, {'y': 0, 'x': 0}]",Shot,False,False,False,False,False
11,"[{'y': 76, 'x': 75}, {'y': 95, 'x': 83}]",Pass,False,False,False,False,False
12,"[{'y': 27, 'x': 90}, {'y': 0, 'x': 0}]",Shot,False,False,False,False,True
13,"[{'y': 44, 'x': 90}, {'y': 54, 'x': 91}]",Pass,False,False,False,False,False
14,"[{'y': 15, 'x': 74}, {'y': 4, 'x': 82}]",Pass,False,False,False,False,False
15,"[{'y': 55, 'x': 93}, {'y': 0, 'x': 0}]",Shot,False,False,False,False,True
16,"[{'y': 42, 'x': 83}, {'y': 32, 'x': 86}]",Pass,False,False,False,False,False
17,"[{'y': 70, 'x': 87}, {'y': 0, 'x': 0}]",Shot,False,False,False,False,True
18,"[{'y': 61, 'x': 90}, {'y': 0, 'x': 0}]",Shot,False,False,False,False,True
19,"[{'y': 25, 'x': 83}, {'y': 38, 'x': 77}]",Pass,False,False,False,False,False
20,"[{'y': 71, 'x': 98}, {'y': 43, 'x': 95}]",Pass,False,False,False,False,True
21,"[{'y': 5, 'x': 80}, {'y': 25, 'x': 90}]",Others on the ball,False,False,False,False,False
22,"[{'y': 27, 'x': 98}, {'y': 0, 'x': 0}]",Pass,False,False,False,True,False
23,"[{'y': 27, 'x': 96}, {'y': 59, 'x': 98}]",Pass,False,False,True,True,False
24,"[{'y': 26, 'x': 77}, {'y': 24, 'x': 72}]",Pass,False,False,False,False,False
25,"[{'y': 47, 'x': 71}, {'y': 95, 'x': 76}]",Pass,False,False,False,False,False
26,"[{'y': 7, 'x': 87}, {'y': 17, 'x': 92}]",Others on the ball,False,False,False,False,False
27,"[{'y': 12, 'x': 93}, {'y': 14, 'x': 91}]",Foul,False,False,False,False,False
28,"[{'y': 93, 'x': 62}, {'y': 66, 'x': 70}]",Pass,False,False,False,False,False
29,"[{'y': 23, 'x': 63}, {'y': 32, 'x': 89}]",Others on the ball,False,False,False,False,False
30,"[{'y': 34, 'x': 88}, {'y': 44, 'x': 86}]",Pass,False,False,False,False,False
31,"[{'y': 31, 'x': 77}, {'y': 56, 'x': 87}]",Pass,False,False,False,False,False
32,"[{'y': 54, 'x': 90}, {'y': 53, 'x': 92}]",Foul,False,False,False,False,False
33,"[{'y': 25, 'x': 72}, {'y': 65, 'x': 67}]",Pass,False,False,False,False,False
34,"[{'y': 74, 'x': 65}, {'y': 96, 'x': 74}]",Pass,False,False,False,False,False
35,"[{'y': 13, 'x': 73}, {'y': 11, 'x': 94}]",Pass,False,False,False,False,False
36,"[{'y': 48, 'x': 86}, {'y': 0, 'x': 0}]",Shot,False,False,False,True,False
37,"[{'y': 76, 'x': 69}, {'y': 95, 'x': 83}]",Pass,False,False,False,False,False
38,"[{'y': 46, 'x': 90}, {'y': 48, 'x': 91}]",Foul,False,False,False,False,False
39,"[{'y': 72, 'x': 59}, {'y': 47, 'x': 53}]",Pass,False,False,False,False,False
40,"[{'y': 89, 'x': 8}, {'y': 77, 'x': 43}]",Pass,False,False,False,False,False
41,"[{'y': 64, 'x': 73}, {'y': 69, 'x': 77}]",Pass,False,False,False,False,False
42,"[{'y': 51, 'x': 92}, {'y': 100, 'x': 100}]",Others on the ball,False,False,False,False,False
43,"[{'y': 24, 'x': 81}, {'y': 49, 'x': 84}]",Pass,False,False,False,False,False
44,"[{'y': 73, 'x': 75}, {'y': 81, 'x': 60}]",Pass,False,False,False,False,False
45,"[{'y': 18, 'x': 39}, {'y': 7, 'x': 26}]",Pass,False,False,False,False,False
46,"[{'y': 12, 'x': 85}, {'y': 26, 'x': 96}]",Pass,False,False,False,False,False
47,"[{'y': 20, 'x': 89}, {'y': 100, 'x': 100}]",Free Kick,False,False,False,False,True
48,"[{'y': 28, 'x': 97}, {'y': 31, 'x': 91}]",Others on the ball,False,False,False,False,False
49,"[{'y': 44, 'x': 67}, {'y': 30, 'x': 61}]",Pass,False,False,False,False,False
50,"[{'y': 74, 'x': 77}, {'y': 40, 'x': 91}]",Free Kick,False,False,False,False,False
51,"[{'y': 48, 'x': 83}, {'y': 57, 'x': 81}]",Pass,False,False,False,False,False
52,"[{'y': 12, 'x': 76}, {'y': 29, 'x': 78}]",Pass,False,False,False,False,False
53,"[{'y': 27, 'x': 72}, {'y': 36, 'x': 84}]",Pass,False,False,False,False,False
54,"[{'y': 9, 'x': 63}, {'y': 10, 'x': 91}]",Pass,False,False,False,False,False
55,"[{'y': 18, 'x': 83}, {'y': 19, 'x': 78}]",Pass,False,False,False,False,False
56,"[{'y': 62, 'x': 94}, {'y': 100, 'x': 100}]",Shot,False,False,False,False,True
57,"[{'y': 29, 'x': 71}, {'y': 28, 'x': 69}]",Pass,False,False,False,False,False
58,"[{'y': 89, 'x': 81}, {'y': 96, 'x': 92}]",Pass,False,False,False,False,False
59,"[{'y': 52, 'x': 50}, {'y': 55, 'x': 36}]",Pass,False,False,False,False,False
60,"[{'y': 31, 'x': 89}, {'y': 100, 'x': 100}]",Shot,False,False,False,False,True
61,"[{'y': 4, 'x': 55}, {'y': 11, 'x': 73}]",Pass,False,False,False,False,False
62,"[{'y': 34, 'x': 74}, {'y': 100, 'x': 100}]",Shot,False,False,False,True,False
63,"[{'y': 17, 'x': 74}, {'y': 22, 'x': 65}]",Pass,False,False,False,False,False
64,"[{'y': 63, 'x': 74}, {'y': 62, 'x': 75}]",Others on the ball,False,False,False,False,False
65,"[{'y': 65, 'x': 73}, {'y': 88, 'x': 84}]",Pass,False,False,False,False,False
66,"[{'y': 69, 'x': 88}, {'y': 100, 'x': 100}]",Shot,False,False,False,True,False
67,"[{'y': 33, 'x': 90}, {'y': 37, 'x': 90}]",Foul,False,False,False,False,False
68,"[{'y': 31, 'x': 93}, {'y': 5, 'x': 84}]",Others on the ball,False,False,False,False,False
69,"[{'y': 0, 'x': 75}, {'y': 13, 'x': 87}]",Free Kick,False,False,False,False,False
70,"[{'y': 18, 'x': 76}, {'y': 42, 'x': 72}]",Pass,False,False,False,False,False
71,"[{'y': 27, 'x': 77}, {'y': 24, 'x': 90}]",Pass,False,False,False,False,False
72,"[{'y': 2, 'x': 62}, {'y': 19, 'x': 70}]",Others on the ball,False,False,False,False,False
73,"[{'y': 19, 'x': 70}, {'y': 10, 'x': 90}]",Pass,False,False,False,False,False
74,"[{'y': 5, 'x': 74}, {'y': 14, 'x': 60}]",Pass,False,False,False,False,False
75,"[{'y': 24, 'x': 81}, {'y': 100, 'x': 100}]",Shot,False,False,False,True,False
76,"[{'y': 20, 'x': 71}, {'y': 3, 'x': 71}]",Pass,False,False,False,False,False
77,"[{'y': 25, 'x': 51}, {'y': 30, 'x': 74}]",Others on the ball,False,False,False,False,False
78,"[{'y': 30, 'x': 74}, {'y': 36, 'x': 84}]",Pass,False,False,False,False,False
79,"[{'y': 54, 'x': 86}, {'y': 66, 'x': 91}]",Pass,False,False,False,False,False
80,"[{'y': 5, 'x': 71}, {'y': 7, 'x': 78}]",Pass,False,False,False,False,False
81,"[{'y': 14, 'x': 91}, {'y': 33, 'x': 79}]",Pass,False,False,True,False,False
82,"[{'y': 36, 'x': 86}, {'y': 60, 'x': 76}]",Others on the ball,False,False,False,False,False
83,"[{'y': 29, 'x': 54}, {'y': 31, 'x': 60}]",Others on the ball,False,False,False,False,False
84,"[{'y': 37, 'x': 72}, {'y': 35, 'x': 66}]",Pass,False,False,False,False,False
85,"[{'y': 22, 'x': 43}, {'y': 0, 'x': 60}]",Others on the ball,False,False,False,False,False
86,"[{'y': 14, 'x': 84}, {'y': 0, 'x': 92}]",Others on the ball,False,False,False,False,False
87,"[{'y': 23, 'x': 96}, {'y': 58, 'x': 96}]",Pass,False,False,True,True,False
88,"[{'y': 39, 'x': 70}, {'y': 42, 'x': 65}]",Pass,False,False,False,False,False
89,"[{'y': 37, 'x': 77}, {'y': 47, 'x': 73}]",Others on the ball,False,False,False,False,False
90,"[{'y': 47, 'x': 73}, {'y': 68, 'x': 70}]",Pass,False,False,False,False,False
91,"[{'y': 34, 'x': 78}, {'y': 44, 'x': 93}]",Pass,False,True,False,False,False
92,"[{'y': 37, 'x': 90}, {'y': 0, 'x': 0}]",Shot,False,False,False,True,False
93,"[{'y': 62, 'x': 93}, {'y': 0, 'x': 0}]",Shot,False,False,False,False,True
94,"[{'y': 82, 'x': 63}, {'y': 93, 'x': 79}]",Pass,False,False,False,False,False
95,"[{'y': 82, 'x': 76}, {'y': 69, 'x': 72}]",Pass,False,False,False,False,False
96,"[{'y': 7, 'x': 81}, {'y': 19, 'x': 91}]",Others on the ball,False,False,False,False,False
97,"[{'y': 28, 'x': 98}, {'y': 0, 'x': 0}]",Pass,False,False,False,True,False
98,"[{'y': 58, 'x': 90}, {'y': 0, 'x': 0}]",Shot,False,False,False,False,False
99,"[{'y': 42, 'x': 91}, {'y': 0, 'x': 0}]",Shot,False,False,False,False,False
100,"[{'y': 31, 'x': 89}, {'y': 27, 'x': 87}]",Pass,False,False,False,False,False
101,"[{'y': 21, 'x': 66}, {'y': 29, 'x': 63}]",Pass,False,False,False,False,False
102,"[{'y': 19, 'x': 44}, {'y': 24, 'x': 38}]",Pass,False,False,False,False,False
103,"[{'y': 46, 'x': 94}, {'y': 0, 'x': 0}]",Offside,False,False,False,False,False
104,"[{'y': 19, 'x': 72}, {'y': 55, 'x': 87}]",Pass,False,False,False,False,False
105,"[{'y': 21, 'x': 56}, {'y': 18, 'x': 29}]",Pass,False,False,False,False,False
106,"[{'y': 46, 'x': 88}, {'y': 66, 'x': 88}]",Others on the ball,False,False,False,False,False
107,"[{'y': 7, 'x': 76}, {'y': 10, 'x': 94}]",Others on the ball,False,False,False,False,False
108,"[{'y': 28, 'x': 43}, {'y': 24, 'x': 74}]",Others on the ball,False,False,False,False,False
109,"[{'y': 24, 'x': 74}, {'y': 21, 'x': 92}]",Pass,False,False,False,False,False
110,"[{'y': 16, 'x': 43}, {'y': 13, 'x': 53}]",Pass,False,False,False,False,False
111,"[{'y': 61, 'x': 90}, {'y': 71, 'x': 94}]",Others on the ball,False,False,False,False,False
112,"[{'y': 9, 'x': 68}, {'y': 13, 'x': 63}]",Pass,False,False,False,False,False
113,"[{'y': 34, 'x': 88}, {'y': 0, 'x': 0}]",Offside,False,False,False,False,False
114,"[{'y': 70, 'x': 61}, {'y': 60, 'x': 69}]",Pass,False,False,False,False,False
115,"[{'y': 13, 'x': 75}, {'y': 16, 'x': 66}]",Pass,False,False,False,False,False
116,"[{'y': 6, 'x': 74}, {'y': 47, 'x': 95}]",Pass,False,False,True,False,False
117,"[{'y': 82, 'x': 94}, {'y': 45, 'x': 93}]",Pass,False,False,False,False,True
118,"[{'y': 30, 'x': 48}, {'y': 36, 'x': 44}]",Pass,False,False,False,False,False
119,"[{'y': 64, 'x': 89}, {'y': 100, 'x': 100}]",Offside,False,False,False,False,False
120,"[{'y': 94, 'x': 76}, {'y': 96, 'x': 92}]",Pass,False,False,False,False,False
121,"[{'y': 80, 'x': 73}, {'y': 73, 'x': 69}]",Pass,False,False,False,False,False
122,"[{'y': 41, 'x': 65}, {'y': 78, 'x': 73}]",Pass,False,False,False,False,False
123,"[{'y': 48, 'x': 87}, {'y': 100, 'x': 100}]",Shot,False,False,False,False,True
124,"[{'y': 30, 'x': 70}, {'y': 26, 'x': 67}]",Pass,False,False,False,False,False
125,"[{'y': 31, 'x': 82}, {'y': 38, 'x': 80}]",Others on the ball,False,False,False,False,False
126,"[{'y': 14, 'x': 79}, {'y': 12, 'x': 82}]",Pass,False,False,False,False,False
127,"[{'y': 72, 'x': 70}, {'y': 75, 'x': 83}]",Others on the ball,False,False,False,False,False
128,"[{'y': 75, 'x': 83}, {'y': 100, 'x': 100}]",Shot,False,False,False,False,True
129,"[{'y': 29, 'x': 69}, {'y': 14, 'x': 72}]",Pass,False,False,False,False,False
130,"[{'y': 52, 'x': 76}, {'y': 69, 'x': 81}]",Pass,False,False,False,False,False
131,"[{'y': 60, 'x': 75}, {'y': 59, 'x': 82}]",Pass,False,False,False,False,False
132,"[{'y': 51, 'x': 94}, {'y': 72, 'x': 61}]",Others on the ball,False,False,False,False,False
133,"[{'y': 41, 'x': 80}, {'y': 57, 'x': 74}]",Pass,False,False,False,False,False
134,"[{'y': 68, 'x': 56}, {'y': 92, 'x': 67}]",Pass,False,False,False,False,False
135,"[{'y': 7, 'x': 52}, {'y': 34, 'x': 59}]",Pass,False,False,False,False,False
136,"[{'y': 100, 'x': 73}, {'y': 69, 'x': 90}]",Free Kick,False,False,False,False,False
137,"[{'y': 96, 'x': 69}, {'y': 99, 'x': 81}]",Pass,False,False,False,False,False
138,"[{'y': 91, 'x': 75}, {'y': 85, 'x': 81}]",Pass,False,False,False,False,False
139,"[{'y': 69, 'x': 55}, {'y': 96, 'x': 54}]",Pass,False,False,False,False,False
140,"[{'y': 51, 'x': 44}, {'y': 37, 'x': 43}]",Pass,False,False,False,False,False
141,"[{'y': 49, 'x': 72}, {'y': 59, 'x': 75}]",Others on the ball,False,False,False,False,False
142,"[{'y': 73, 'x': 59}, {'y': 62, 'x': 69}]",Pass,False,False,False,False,False
143,"[{'y': 78, 'x': 74}, {'y': 94, 'x': 85}]",Pass,False,False,False,False,False
144,"[{'y': 0, 'x': 62}, {'y': 7, 'x': 55}]",Pass,False,False,False,False,False
145,"[{'y': 0, 'x': 60}, {'y': 5, 'x': 58}]",Pass,False,False,False,False,False
146,"[{'y': 79, 'x': 78}, {'y': 91, 'x': 90}]",Pass,False,False,False,False,False
147,"[{'y': 87, 'x': 76}, {'y': 7, 'x': 68}]",Pass,False,False,False,False,False
148,"[{'y': 50, 'x': 78}, {'y': 100, 'x': 100}]",Free Kick,False,False,False,False,True
149,"[{'y': 43, 'x': 97}, {'y': 100, 'x': 100}]",Shot,False,False,False,True,False
150,"[{'y': 1, 'x': 88}, {'y': 19, 'x': 82}]",Pass,False,False,False,False,False
151,"[{'y': 26, 'x': 86}, {'y': 35, 'x': 85}]",Pass,False,False,False,False,False
152,"[{'y': 90, 'x': 79}, {'y': 100, 'x': 100}]",Offside,False,False,False,False,False
153,"[{'y': 4, 'x': 75}, {'y': 58, 'x': 89}]",Pass,False,False,False,False,True
154,"[{'y': 14, 'x': 82}, {'y': 23, 'x': 74}]",Pass,False,False,False,False,False
155,"[{'y': 60, 'x': 91}, {'y': 100, 'x': 100}]",Shot,True,False,False,False,True
156,"[{'y': 77, 'x': 63}, {'y': 77, 'x': 52}]",Pass,False,False,False,False,False
157,"[{'y': 77, 'x': 64}, {'y': 67, 'x': 62}]",Pass,False,False,False,False,False
158,"[{'y': 61, 'x': 37}, {'y': 60, 'x': 58}]",Pass,False,False,False,False,False
159,"[{'y': 4, 'x': 78}, {'y': 24, 'x': 61}]",Pass,False,False,False,False,False
160,"[{'y': 0, 'x': 68}, {'y': 5, 'x': 71}]",Pass,False,False,False,False,False
161,"[{'y': 38, 'x': 48}, {'y': 42, 'x': 54}]",Pass,False,False,False,False,False
162,"[{'y': 4, 'x': 46}, {'y': 10, 'x': 44}]",Pass,False,False,False,False,False
163,"[{'y': 5, 'x': 55}, {'y': 2, 'x': 52}]",Pass,False,False,False,False,False
164,"[{'y': 3, 'x': 79}, {'y': 61, 'x': 75}]",Pass,False,False,False,False,False
165,"[{'y': 82, 'x': 69}, {'y': 93, 'x': 67}]",Pass,False,False,False,False,False
166,"[{'y': 53, 'x': 80}, {'y': 0, 'x': 0}]",Shot,False,False,False,False,True
167,"[{'y': 3, 'x': 74}, {'y': 22, 'x': 70}]",Pass,False,False,False,False,False
168,"[{'y': 3, 'x': 50}, {'y': 4, 'x': 57}]",Pass,False,False,False,False,False
169,"[{'y': 91, 'x': 70}, {'y': 83, 'x': 64}]",Pass,False,False,False,False,False
170,"[{'y': 91, 'x': 79}, {'y': 63, 'x': 73}]",Pass,False,False,False,False,False
171,"[{'y': 3, 'x': 54}, {'y': 13, 'x': 44}]",Pass,False,False,False,False,False
172,"[{'y': 54, 'x': 89}, {'y': 0, 'x': 0}]",Offside,False,False,False,False,False
173,"[{'y': 93, 'x': 88}, {'y': 85, 'x': 86}]",Pass,False,False,False,False,False
174,"[{'y': 50, 'x': 8}, {'y': 23, 'x': 22}]",Others on the ball,False,False,False,False,False
175,"[{'y': 4, 'x': 70}, {'y': 5, 'x': 68}]",Pass,False,False,False,False,False
176,"[{'y': 2, 'x': 57}, {'y': 3, 'x': 52}]",Pass,False,False,False,False,False
177,"[{'y': 2, 'x': 73}, {'y': 20, 'x': 94}]",Pass,False,False,False,False,False
178,"[{'y': 80, 'x': 75}, {'y': 86, 'x': 69}]",Pass,False,False,False,False,False
179,"[{'y': 92, 'x': 63}, {'y': 73, 'x': 75}]",Others on the ball,False,False,False,False,False
180,"[{'y': 73, 'x': 75}, {'y': 0, 'x': 0}]",Pass,False,False,False,False,False
181,"[{'y': 31, 'x': 56}, {'y': 40, 'x': 60}]",Pass,False,False,False,False,False
182,"[{'y': 27, 'x': 81}, {'y': 14, 'x': 87}]",Others on the ball,False,False,False,False,False
183,"[{'y': 61, 'x': 76}, {'y': 0, 'x': 0}]",Free Kick,False,False,False,False,True
184,"[{'y': 100, 'x': 68}, {'y': 94, 'x': 66}]",Free Kick,False,False,False,False,False
185,"[{'y': 98, 'x': 69}, {'y': 98, 'x': 59}]",Pass,False,False,False,False,False
186,"[{'y': 89, 'x': 68}, {'y': 97, 'x': 68}]",Pass,False,False,False,False,False
187,"[{'y': 66, 'x': 74}, {'y': 62, 'x': 91}]",Others on the ball,False,False,False,False,False
188,"[{'y': 62, 'x': 91}, {'y': 0, 'x': 0}]",Shot,False,False,False,False,True
189,"[{'y': 74, 'x': 55}, {'y': 64, 'x': 62}]",Others on the ball,False,False,False,False,False
190,"[{'y': 75, 'x': 58}, {'y': 67, 'x': 67}]",Pass,False,False,False,False,False
191,"[{'y': 100, 'x': 47}, {'y': 97, 'x': 80}]",Free Kick,False,False,False,False,False
192,"[{'y': 59, 'x': 80}, {'y': 43, 'x': 88}]",Pass,False,False,False,False,False
193,"[{'y': 18, 'x': 58}, {'y': 36, 'x': 65}]",Pass,False,False,False,False,False
194,"[{'y': 66, 'x': 97}, {'y': 0, 'x': 0}]",Shot,False,False,False,False,True
195,"[{'y': 69, 'x': 91}, {'y': 0, 'x': 0}]",Shot,False,False,False,False,True
196,"[{'y': 45, 'x': 78}, {'y': 68, 'x': 82}]",Pass,False,False,False,False,False
197,"[{'y': 6, 'x': 57}, {'y': 15, 'x': 57}]",Pass,False,False,False,False,False
198,"[{'y': 4, 'x': 57}, {'y': 21, 'x': 46}]",Pass,False,False,False,False,False
199,"[{'y': 93, 'x': 40}, {'y': 84, 'x': 39}]",Pass,False,False,False,False,False
200,"[{'y': 33, 'x': 81}, {'y': 100, 'x': 100}]",Shot,False,False,False,False,True
201,"[{'y': 4, 'x': 62}, {'y': 29, 'x': 73}]",Others on the ball,False,False,False,False,False
202,"[{'y': 29, 'x': 73}, {'y': 34, 'x': 69}]",Pass,False,False,False,False,False
203,"[{'y': 48, 'x': 85}, {'y': 100, 'x': 100}]",Shot,False,False,False,True,False
204,"[{'y': 49, 'x': 92}, {'y': 100, 'x': 100}]",Shot,False,False,False,False,False
205,"[{'y': 57, 'x': 46}, {'y': 57, 'x': 47}]",Pass,False,False,False,False,False
206,"[{'y': 56, 'x': 89}, {'y': 100, 'x': 100}]",Shot,False,False,False,True,False
207,"[{'y': 61, 'x': 43}, {'y': 49, 'x': 56}]",Pass,False,False,False,False,False
208,"[{'y': 63, 'x': 53}, {'y': 57, 'x': 70}]",Others on the ball,False,False,False,False,False
209,"[{'y': 57, 'x': 70}, {'y': 72, 'x': 80}]",Pass,False,False,False,False,False
210,"[{'y': 63, 'x': 80}, {'y': 54, 'x': 87}]",Pass,False,False,False,False,False
211,"[{'y': 38, 'x': 71}, {'y': 33, 'x': 90}]",Pass,False,False,True,False,False
212,"[{'y': 5, 'x': 73}, {'y': 23, 'x': 91}]",Others on the ball,False,False,False,False,False
213,"[{'y': 32, 'x': 95}, {'y': 66, 'x': 93}]",Pass,False,False,True,True,False
214,"[{'y': 9, 'x': 72}, {'y': 46, 'x': 92}]",Pass,False,False,False,False,False
215,"[{'y': 52, 'x': 58}, {'y': 47, 'x': 68}]",Pass,False,False,False,False,False
216,"[{'y': 77, 'x': 53}, {'y': 71, 'x': 26}]",Pass,False,False,False,False,False
217,"[{'y': 67, 'x': 51}, {'y': 48, 'x': 42}]",Pass,False,False,False,False,False
218,"[{'y': 74, 'x': 69}, {'y': 80, 'x': 69}]",Pass,False,False,False,False,False
219,"[{'y': 73, 'x': 87}, {'y': 21, 'x': 61}]",Pass,False,False,False,False,True
220,"[{'y': 22, 'x': 96}, {'y': 73, 'x': 94}]",Pass,False,False,False,False,True
221,"[{'y': 29, 'x': 74}, {'y': 29, 'x': 67}]",Pass,False,False,False,False,False
222,"[{'y': 29, 'x': 98}, {'y': 52, 'x': 95}]",Pass,False,False,False,True,False
223,"[{'y': 37, 'x': 48}, {'y': 54, 'x': 55}]",Pass,False,False,False,False,False
224,"[{'y': 53, 'x': 90}, {'y': 100, 'x': 100}]",Shot,False,False,False,False,False
225,"[{'y': 66, 'x': 68}, {'y': 90, 'x': 85}]",Pass,False,False,False,False,False
226,"[{'y': 76, 'x': 61}, {'y': 59, 'x': 60}]",Pass,False,False,False,False,False
227,"[{'y': 56, 'x': 90}, {'y': 100, 'x': 100}]",Shot,False,False,False,False,True
228,"[{'y': 51, 'x': 69}, {'y': 100, 'x': 100}]",Offside,False,False,False,False,False
229,"[{'y': 58, 'x': 92}, {'y': 100, 'x': 100}]",Shot,False,False,False,False,False
230,"[{'y': 80, 'x': 74}, {'y': 65, 'x': 70}]",Pass,False,False,False,False,False
231,"[{'y': 11, 'x': 89}, {'y': 27, 'x': 72}]",Pass,False,False,False,False,False
232,"[{'y': 33, 'x': 91}, {'y': 32, 'x': 94}]",Foul,False,False,False,False,False
233,"[{'y': 55, 'x': 73}, {'y': 54, 'x': 85}]",Pass,False,False,False,False,False
234,"[{'y': 21, 'x': 65}, {'y': 22, 'x': 66}]",Pass,False,False,False,False,False
235,"[{'y': 89, 'x': 79}, {'y': 0, 'x': 0}]",Offside,False,False,False,False,False
236,"[{'y': 14, 'x': 74}, {'y': 25, 'x': 64}]",Pass,False,False,False,False,False
237,"[{'y': 71, 'x': 59}, {'y': 71, 'x': 65}]",Pass,False,False,False,False,False
238,"[{'y': 86, 'x': 77}, {'y': 92, 'x': 89}]",Pass,False,False,False,False,False
239,"[{'y': 100, 'x': 100}, {'y': 82, 'x': 81}]",Free Kick,False,False,False,False,False
240,"[{'y': 90, 'x': 91}, {'y': 0, 'x': 0}]",Pass,False,False,False,False,True
241,"[{'y': 73, 'x': 68}, {'y': 64, 'x': 72}]",Others on the ball,False,False,False,False,False
242,"[{'y': 34, 'x': 91}, {'y': 0, 'x': 0}]",Shot,False,False,False,True,False
243,"[{'y': 77, 'x': 66}, {'y': 75, 'x': 69}]",Pass,False,False,False,False,False
244,"[{'y': 33, 'x': 74}, {'y': 26, 'x': 92}]",Pass,False,False,False,False,False
245,"[{'y': 91, 'x': 37}, {'y': 61, 'x': 60}]",Others on the ball,False,False,False,False,False
246,"[{'y': 61, 'x': 60}, {'y': 44, 'x': 54}]",Pass,False,False,False,False,False
247,"[{'y': 31, 'x': 73}, {'y': 0, 'x': 0}]",Free Kick,False,False,False,False,True
248,"[{'y': 0, 'x': 78}, {'y': 4, 'x': 94}]",Free Kick,False,False,False,False,False
249,"[{'y': 0, 'x': 85}, {'y': 26, 'x': 78}]",Free Kick,False,False,False,False,False
250,"[{'y': 15, 'x': 63}, {'y': 15, 'x': 57}]",Pass,False,False,False,False,False
251,"[{'y': 17, 'x': 78}, {'y': 46, 'x': 89}]",Pass,False,False,False,False,True
252,"[{'y': 54, 'x': 94}, {'y': 74, 'x': 68}]",Others on the ball,False,False,False,False,False
253,"[{'y': 64, 'x': 81}, {'y': 0, 'x': 0}]",Shot,False,False,False,True,False
254,"[{'y': 78, 'x': 83}, {'y': 0, 'x': 0}]",Offside,False,False,False,False,False
255,"[{'y': 64, 'x': 72}, {'y': 72, 'x': 61}]",Pass,False,False,False,False,False
256,"[{'y': 19, 'x': 71}, {'y': 24, 'x': 75}]",Others on the ball,False,False,False,False,False
257,"[{'y': 29, 'x': 74}, {'y': 0, 'x': 0}]",Free Kick,False,False,False,False,True
258,"[{'y': 43, 'x': 93}, {'y': 0, 'x': 0}]",Shot,False,False,False,False,False
259,"[{'y': 12, 'x': 84}, {'y': 26, 'x': 88}]",Pass,False,False,False,False,True
260,"[{'y': 20, 'x': 68}, {'y': 38, 'x': 39}]",Pass,False,False,False,False,False
261,"[{'y': 62, 'x': 72}, {'y': 45, 'x': 66}]",Pass,False,False,False,False,False
262,"[{'y': 61, 'x': 90}, {'y': 0, 'x': 0}]",Offside,False,False,False,False,False
263,"[{'y': 24, 'x': 75}, {'y': 34, 'x': 73}]",Pass,False,False,False,False,False
264,"[{'y': 12, 'x': 95}, {'y': 50, 'x': 89}]",Pass,False,False,False,True,False
265,"[{'y': 41, 'x': 72}, {'y': 34, 'x': 74}]",Pass,False,False,False,False,False
266,"[{'y': 39, 'x': 74}, {'y': 51, 'x': 75}]",Pass,False,False,False,False,False
267,"[{'y': 51, 'x': 73}, {'y': 39, 'x': 87}]",Pass,False,False,False,False,False
268,"[{'y': 28, 'x': 74}, {'y': 18, 'x': 64}]",Pass,False,False,False,False,False
269,"[{'y': 20, 'x': 72}, {'y': 17, 'x': 66}]",Pass,False,False,False,False,False
270,"[{'y': 26, 'x': 69}, {'y': 15, 'x': 59}]",Pass,False,False,False,False,False
271,"[{'y': 23, 'x': 68}, {'y': 31, 'x': 53}]",Pass,False,False,False,False,False
272,"[{'y': 71, 'x': 89}, {'y': 90, 'x': 72}]",Pass,False,False,False,False,False
273,"[{'y': 13, 'x': 67}, {'y': 33, 'x': 56}]",Pass,False,False,False,False,False
274,"[{'y': 49, 'x': 75}, {'y': 65, 'x': 71}]",Pass,False,False,False,False,False
275,"[{'y': 15, 'x': 85}, {'y': 28, 'x': 68}]",Pass,False,False,False,False,False
276,"[{'y': 62, 'x': 76}, {'y': 95, 'x': 65}]",Pass,False,False,False,False,False
277,"[{'y': 36, 'x': 83}, {'y': 0, 'x': 0}]",Shot,False,False,False,False,True
278,"[{'y': 31, 'x': 79}, {'y': 0, 'x': 0}]",Offside,False,False,False,False,False
279,"[{'y': 12, 'x': 79}, {'y': 10, 'x': 83}]",Others on the ball,False,False,False,False,False
280,"[{'y': 27, 'x': 74}, {'y': 33, 'x': 64}]",Pass,False,False,False,False,False
281,"[{'y': 77, 'x': 69}, {'y': 93, 'x': 84}]",Pass,False,False,False,False,False
282,"[{'y': 83, 'x': 65}, {'y': 74, 'x': 69}]",Pass,False,False,False,False,False
283,"[{'y': 89, 'x': 86}, {'y': 40, 'x': 93}]",Pass,False,True,False,False,True
284,"[{'y': 34, 'x': 90}, {'y': 0, 'x': 0}]",Shot,False,False,False,True,False
285,"[{'y': 39, 'x': 77}, {'y': 0, 'x': 0}]",Offside,False,False,False,False,False
286,"[{'y': 29, 'x': 71}, {'y': 49, 'x': 58}]",Free Kick,False,False,False,False,False
287,"[{'y': 92, 'x': 43}, {'y': 79, 'x': 55}]",Pass,False,False,False,False,False
288,"[{'y': 79, 'x': 71}, {'y': 23, 'x': 93}]",Pass,False,False,False,False,False
289,"[{'y': 92, 'x': 67}, {'y': 85, 'x': 60}]",Pass,False,False,False,False,False
290,"[{'y': 69, 'x': 61}, {'y': 96, 'x': 56}]",Pass,False,False,False,False,False
291,"[{'y': 14, 'x': 89}, {'y': 28, 'x': 92}]",Pass,False,False,False,False,False
292,"[{'y': 13, 'x': 56}, {'y': 7, 'x': 92}]",Pass,False,False,False,False,False
293,"[{'y': 66, 'x': 71}, {'y': 89, 'x': 63}]",Pass,False,False,False,False,False
294,"[{'y': 54, 'x': 61}, {'y': 55, 'x': 60}]",Pass,False,False,False,False,False
295,"[{'y': 85, 'x': 40}, {'y': 87, 'x': 62}]",Others on the ball,False,False,False,False,False
296,"[{'y': 87, 'x': 62}, {'y': 85, 'x': 89}]",Pass,False,False,False,False,False
297,"[{'y': 21, 'x': 72}, {'y': 23, 'x': 78}]",Pass,False,False,False,False,False
298,"[{'y': 21, 'x': 80}, {'y': 31, 'x': 88}]",Pass,False,False,True,False,False
299,"[{'y': 33, 'x': 74}, {'y': 100, 'x': 100}]",Free Kick,False,False,False,False,True
300,"[{'y': 97, 'x': 83}, {'y': 83, 'x': 92}]",Others on the ball,False,False,False,False,False
301,"[{'y': 84, 'x': 93}, {'y': 100, 'x': 100}]",Pass,False,False,False,False,True
302,"[{'y': 87, 'x': 61}, {'y': 68, 'x': 69}]",Pass,False,False,False,False,False
303,"[{'y': 70, 'x': 70}, {'y': 86, 'x': 95}]",Pass,False,False,False,False,False
304,"[{'y': 10, 'x': 44}, {'y': 12, 'x': 42}]",Others on the ball,False,False,False,False,False
305,"[{'y': 37, 'x': 75}, {'y': 69, 'x': 88}]",Others on the ball,False,False,False,False,False
306,"[{'y': 63, 'x': 84}, {'y': 100, 'x': 100}]",Shot,False,False,False,False,True
307,"[{'y': 63, 'x': 88}, {'y': 59, 'x': 88}]",Pass,False,False,False,False,False
308,"[{'y': 85, 'x': 44}, {'y': 90, 'x': 54}]",Others on the ball,False,False,False,False,False
309,"[{'y': 90, 'x': 54}, {'y': 73, 'x': 43}]",Pass,False,False,False,False,False
310,"[{'y': 39, 'x': 69}, {'y': 33, 'x': 66}]",Pass,False,False,False,False,False
311,"[{'y': 27, 'x': 60}, {'y': 35, 'x': 61}]",Pass,False,False,False,False,False
312,"[{'y': 4, 'x': 82}, {'y': 5, 'x': 78}]",Pass,False,False,False,False,False
313,"[{'y': 25, 'x': 30}, {'y': 35, 'x': 25}]",Pass,False,False,False,False,False
314,"[{'y': 17, 'x': 24}, {'y': 14, 'x': 11}]",Pass,False,False,False,False,False
315,"[{'y': 32, 'x': 68}, {'y': 44, 'x': 70}]",Pass,False,False,False,False,False
316,"[{'y': 74, 'x': 76}, {'y': 87, 'x': 68}]",Pass,False,False,False,False,False
317,"[{'y': 9, 'x': 66}, {'y': 8, 'x': 68}]",Pass,False,False,False,False,False
318,"[{'y': 90, 'x': 58}, {'y': 82, 'x': 43}]",Pass,False,False,False,False,False
319,"[{'y': 26, 'x': 67}, {'y': 24, 'x': 66}]",Pass,False,False,False,False,False
320,"[{'y': 49, 'x': 83}, {'y': 100, 'x': 100}]",Shot,False,False,False,False,True
321,"[{'y': 61, 'x': 11}, {'y': 25, 'x': 0}]",Others on the ball,False,False,False,False,False
322,"[{'y': 84, 'x': 88}, {'y': 17, 'x': 89}]",Pass,False,False,False,True,False
323,"[{'y': 11, 'x': 89}, {'y': 100, 'x': 100}]",Free Kick,False,False,False,False,True
324,"[{'y': 67, 'x': 91}, {'y': 100, 'x': 100}]",Shot,False,False,False,False,True
325,"[{'y': 73, 'x': 94}, {'y': 100, 'x': 100}]",Pass,False,False,False,False,True
326,"[{'y': 66, 'x': 88}, {'y': 100, 'x': 100}]",Shot,False,False,False,False,True
327,"[{'y': 89, 'x': 83}, {'y': 76, 'x': 90}]",Pass,False,False,False,False,False
328,"[{'y': 15, 'x': 67}, {'y': 0, 'x': 0}]",Offside,False,False,False,False,False
329,"[{'y': 26, 'x': 76}, {'y': 13, 'x': 66}]",Pass,False,False,False,False,False
330,"[{'y': 3, 'x': 79}, {'y': 10, 'x': 69}]",Pass,False,False,False,False,False
331,"[{'y': 51, 'x': 48}, {'y': 50, 'x': 44}]",Pass,False,False,False,False,False
332,"[{'y': 63, 'x': 71}, {'y': 0, 'x': 0}]",Shot,False,False,False,False,True
333,"[{'y': 11, 'x': 59}, {'y': 7, 'x': 75}]",Pass,False,False,False,False,False
334,"[{'y': 66, 'x': 51}, {'y': 59, 'x': 43}]",Pass,False,False,False,False,False
335,"[{'y': 65, 'x': 96}, {'y': 0, 'x': 0}]",Shot,False,False,False,False,False
336,"[{'y': 5, 'x': 71}, {'y': 40, 'x': 61}]",Pass,False,False,False,False,False
337,"[{'y': 17, 'x': 85}, {'y': 34, 'x': 78}]",Pass,False,False,False,False,False
338,"[{'y': 10, 'x': 66}, {'y': 8, 'x': 88}]",Others on the ball,False,False,False,False,False
339,"[{'y': 6, 'x': 60}, {'y': 4, 'x': 53}]",Pass,False,False,False,False,False
340,"[{'y': 22, 'x': 62}, {'y': 39, 'x': 52}]",Pass,False,False,False,False,False
341,"[{'y': 23, 'x': 34}, {'y': 33, 'x': 41}]",Pass,False,False,False,False,False
342,"[{'y': 0, 'x': 48}, {'y': 57, 'x': 72}]",Free Kick,False,False,False,False,False
343,"[{'y': 35, 'x': 89}, {'y': 0, 'x': 0}]",Offside,False,False,False,False,False
344,"[{'y': 60, 'x': 14}, {'y': 29, 'x': 12}]",Others on the ball,False,False,False,False,False
345,"[{'y': 35, 'x': 53}, {'y': 43, 'x': 56}]",Pass,False,False,False,False,False
346,"[{'y': 1, 'x': 57}, {'y': 27, 'x': 35}]",Pass,False,False,False,False,False
347,"[{'y': 8, 'x': 59}, {'y': 10, 'x': 76}]",Others on the ball,False,False,False,False,False
348,"[{'y': 10, 'x': 76}, {'y': 3, 'x': 80}]",Pass,False,False,False,False,False
349,"[{'y': 50, 'x': 85}, {'y': 0, 'x': 0}]",Shot,False,False,False,True,False
350,"[{'y': 0, 'x': 85}, {'y': 27, 'x': 87}]",Free Kick,False,False,False,False,False
351,"[{'y': 24, 'x': 54}, {'y': 31, 'x': 67}]",Pass,False,False,False,False,False
352,"[{'y': 28, 'x': 56}, {'y': 8, 'x': 70}]",Pass,False,False,False,False,False
353,"[{'y': 55, 'x': 89}, {'y': 0, 'x': 0}]",Shot,False,False,False,False,False
354,"[{'y': 16, 'x': 46}, {'y': 51, 'x': 44}]",Pass,False,False,False,False,False
355,"[{'y': 26, 'x': 66}, {'y': 28, 'x': 59}]",Pass,False,False,False,False,False
356,"[{'y': 59, 'x': 47}, {'y': 73, 'x': 59}]",Pass,False,False,False,False,False
357,"[{'y': 61, 'x': 67}, {'y': 63, 'x': 62}]",Pass,False,False,False,False,False
358,"[{'y': 63, 'x': 58}, {'y': 92, 'x': 70}]",Pass,False,False,False,False,False
359,"[{'y': 43, 'x': 59}, {'y': 12, 'x': 78}]",Pass,False,False,False,False,False
360,"[{'y': 50, 'x': 50}, {'y': 54, 'x': 48}]",Pass,False,False,False,False,False
361,"[{'y': 25, 'x': 77}, {'y': 12, 'x': 92}]",Pass,False,False,False,False,False
362,"[{'y': 53, 'x': 96}, {'y': 63, 'x': 98}]",Others on the ball,False,False,False,False,False
363,"[{'y': 59, 'x': 89}, {'y': 0, 'x': 0}]",Shot,False,False,False,False,False
364,"[{'y': 30, 'x': 48}, {'y': 17, 'x': 41}]",Pass,False,False,False,False,False
365,"[{'y': 34, 'x': 78}, {'y': 26, 'x': 76}]",Pass,False,False,False,False,False
366,"[{'y': 40, 'x': 62}, {'y': 52, 'x': 55}]",Pass,False,False,False,False,False
367,"[{'y': 28, 'x': 51}, {'y': 5, 'x': 58}]",Pass,False,False,False,False,False
368,"[{'y': 50, 'x': 90}, {'y': 54, 'x': 84}]",Free Kick,False,False,False,False,True
369,"[{'y': 46, 'x': 95}, {'y': 0, 'x': 0}]",Shot,True,False,False,True,False
370,"[{'y': 53, 'x': 55}, {'y': 0, 'x': 0}]",Offside,False,False,False,False,False
371,"[{'y': 82, 'x': 35}, {'y': 83, 'x': 49}]",Others on the ball,False,False,False,False,False
372,"[{'y': 83, 'x': 49}, {'y': 81, 'x': 66}]",Pass,False,False,False,False,False
373,"[{'y': 86, 'x': 72}, {'y': 87, 'x': 61}]",Pass,False,False,False,False,False
374,"[{'y': 50, 'x': 87}, {'y': 59, 'x': 80}]",Pass,False,False,False,False,False
375,"[{'y': 55, 'x': 26}, {'y': 77, 'x': 29}]",Pass,False,False,False,False,False
376,"[{'y': 89, 'x': 68}, {'y': 61, 'x': 65}]",Pass,False,False,False,False,False
377,"[{'y': 20, 'x': 68}, {'y': 29, 'x': 81}]",Others on the ball,False,False,False,False,False
378,"[{'y': 29, 'x': 81}, {'y': 26, 'x': 98}]",Pass,False,False,False,False,False
379,"[{'y': 5, 'x': 42}, {'y': 8, 'x': 61}]",Others on the ball,False,False,False,False,False
380,"[{'y': 8, 'x': 61}, {'y': 32, 'x': 68}]",Pass,False,False,False,False,False
381,"[{'y': 18, 'x': 89}, {'y': 100, 'x': 100}]",Free Kick,False,False,False,False,True
382,"[{'y': 12, 'x': 71}, {'y': 0, 'x': 74}]",Pass,False,False,False,False,False
383,"[{'y': 3, 'x': 65}, {'y': 27, 'x': 80}]",Others on the ball,False,False,False,False,False
384,"[{'y': 30, 'x': 83}, {'y': 100, 'x': 100}]",Shot,False,False,False,False,True
385,"[{'y': 15, 'x': 58}, {'y': 11, 'x': 44}]",Pass,False,False,False,False,False
386,"[{'y': 18, 'x': 45}, {'y': 16, 'x': 51}]",Pass,False,False,False,False,False
387,"[{'y': 58, 'x': 33}, {'y': 50, 'x': 43}]",Others on the ball,False,False,False,False,False
388,"[{'y': 50, 'x': 43}, {'y': 22, 'x': 59}]",Pass,False,False,False,False,False
389,"[{'y': 57, 'x': 70}, {'y': 87, 'x': 73}]",Pass,False,False,False,False,False
390,"[{'y': 13, 'x': 61}, {'y': 19, 'x': 73}]",Others on the ball,False,False,False,False,False
391,"[{'y': 19, 'x': 73}, {'y': 15, 'x': 96}]",Pass,False,False,False,False,False
392,"[{'y': 66, 'x': 68}, {'y': 56, 'x': 56}]",Pass,False,False,False,False,False
393,"[{'y': 88, 'x': 83}, {'y': 65, 'x': 76}]",Pass,False,False,False,False,False
394,"[{'y': 63, 'x': 93}, {'y': 100, 'x': 100}]",Shot,False,False,False,True,False
395,"[{'y': 97, 'x': 67}, {'y': 83, 'x': 32}]",Pass,False,False,False,False,False
396,"[{'y': 7, 'x': 72}, {'y': 7, 'x': 88}]",Others on the ball,False,False,False,False,False
397,"[{'y': 10, 'x': 93}, {'y': 45, 'x': 92}]",Pass,False,False,False,True,False
398,"[{'y': 18, 'x': 89}, {'y': 17, 'x': 94}]",Others on the ball,False,False,False,False,False
399,"[{'y': 13, 'x': 93}, {'y': 17, 'x': 94}]",Foul,False,False,False,False,False
400,"[{'y': 20, 'x': 41}, {'y': 57, 'x': 49}]",Pass,False,False,False,False,False
401,"[{'y': 83, 'x': 75}, {'y': 85, 'x': 82}]",Others on the ball,False,False,False,False,False
402,"[{'y': 86, 'x': 91}, {'y': 39, 'x': 90}]",Pass,False,False,False,False,True
403,"[{'y': 27, 'x': 70}, {'y': 30, 'x': 89}]",Pass,False,False,False,False,False
404,"[{'y': 28, 'x': 91}, {'y': 51, 'x': 86}]",Pass,False,False,False,False,False
405,"[{'y': 7, 'x': 79}, {'y': 25, 'x': 66}]",Others on the ball,False,False,False,False,False
406,"[{'y': 25, 'x': 66}, {'y': 45, 'x': 65}]",Pass,False,False,False,False,False
407,"[{'y': 17, 'x': 73}, {'y': 17, 'x': 68}]",Pass,False,False,False,False,False
408,"[{'y': 10, 'x': 74}, {'y': 37, 'x': 77}]",Others on the ball,False,False,False,False,False
409,"[{'y': 37, 'x': 77}, {'y': 52, 'x': 66}]",Pass,False,False,False,False,False
410,"[{'y': 60, 'x': 81}, {'y': 50, 'x': 81}]",Pass,False,False,False,False,False
411,"[{'y': 68, 'x': 84}, {'y': 100, 'x': 100}]",Shot,False,False,False,True,False
412,"[{'y': 24, 'x': 92}, {'y': 52, 'x': 90}]",Pass,False,False,False,False,True
413,"[{'y': 73, 'x': 42}, {'y': 88, 'x': 30}]",Pass,False,False,False,False,False
414,"[{'y': 80, 'x': 54}, {'y': 51, 'x': 54}]",Others on the ball,False,False,False,False,False
415,"[{'y': 49, 'x': 57}, {'y': 43, 'x': 55}]",Pass,False,False,False,False,False
416,"[{'y': 58, 'x': 98}, {'y': 24, 'x': 64}]",Others on the ball,False,False,False,False,False
417,"[{'y': 43, 'x': 88}, {'y': 100, 'x': 100}]",Shot,False,False,False,False,False
418,"[{'y': 57, 'x': 86}, {'y': 100, 'x': 100}]",Shot,False,False,False,False,False
419,"[{'y': 95, 'x': 26}, {'y': 93, 'x': 29}]",Others on the ball,False,False,False,False,False
420,"[{'y': 78, 'x': 46}, {'y': 87, 'x': 37}]",Pass,False,False,False,False,False
421,"[{'y': 95, 'x': 62}, {'y': 89, 'x': 68}]",Foul,False,False,False,False,False
422,"[{'y': 84, 'x': 25}, {'y': 76, 'x': 34}]",Others on the ball,False,False,False,False,False
423,"[{'y': 10, 'x': 65}, {'y': 27, 'x': 64}]",Pass,False,False,False,False,False
424,"[{'y': 27, 'x': 28}, {'y': 93, 'x': 73}]",Others on the ball,False,False,False,False,False
425,"[{'y': 82, 'x': 77}, {'y': 93, 'x': 87}]",Pass,False,False,False,False,False
426,"[{'y': 67, 'x': 87}, {'y': 0, 'x': 0}]",Shot,False,False,False,True,False
427,"[{'y': 65, 'x': 70}, {'y': 78, 'x': 62}]",Pass,False,False,False,False,False
428,"[{'y': 62, 'x': 88}, {'y': 0, 'x': 0}]",Shot,True,False,False,False,True
429,"[{'y': 7, 'x': 65}, {'y': 8, 'x': 67}]",Pass,False,False,False,False,False
430,"[{'y': 16, 'x': 50}, {'y': 8, 'x': 86}]",Pass,False,False,False,False,False
431,"[{'y': 9, 'x': 76}, {'y': 44, 'x': 74}]",Pass,False,False,False,False,False
432,"[{'y': 45, 'x': 69}, {'y': 63, 'x': 62}]",Pass,False,False,False,False,False
433,"[{'y': 49, 'x': 82}, {'y': 39, 'x': 92}]",Pass,False,False,False,False,False
434,"[{'y': 50, 'x': 90}, {'y': 34, 'x': 91}]",Free Kick,True,False,False,False,True
435,"[{'y': 44, 'x': 94}, {'y': 0, 'x': 0}]",Shot,False,False,False,False,True
436,"[{'y': 44, 'x': 93}, {'y': 0, 'x': 0}]",Shot,False,False,False,True,False
437,"[{'y': 59, 'x': 43}, {'y': 62, 'x': 40}]",Pass,False,False,False,False,False
438,"[{'y': 42, 'x': 62}, {'y': 63, 'x': 75}]",Pass,False,False,False,False,False
439,"[{'y': 21, 'x': 65}, {'y': 13, 'x': 43}]",Pass,False,False,False,False,False
440,"[{'y': 12, 'x': 70}, {'y': 51, 'x': 54}]",Pass,False,False,False,False,False
441,"[{'y': 72, 'x': 65}, {'y': 77, 'x': 61}]",Pass,False,False,False,False,False
442,"[{'y': 65, 'x': 65}, {'y': 50, 'x': 74}]",Pass,False,False,False,False,False
443,"[{'y': 34, 'x': 69}, {'y': 28, 'x': 60}]",Pass,False,False,False,False,False
444,"[{'y': 16, 'x': 68}, {'y': 27, 'x': 68}]",Pass,False,False,False,False,False
445,"[{'y': 21, 'x': 71}, {'y': 45, 'x': 80}]",Pass,False,False,False,False,False
446,"[{'y': 39, 'x': 84}, {'y': 45, 'x': 79}]",Pass,False,False,False,False,False
447,"[{'y': 59, 'x': 69}, {'y': 61, 'x': 71}]",Pass,False,False,False,False,False
448,"[{'y': 26, 'x': 64}, {'y': 44, 'x': 52}]",Pass,False,False,False,False,False
449,"[{'y': 79, 'x': 67}, {'y': 76, 'x': 53}]",Pass,False,False,False,False,False
450,"[{'y': 68, 'x': 77}, {'y': 59, 'x': 76}]",Pass,False,False,False,False,False
451,"[{'y': 45, 'x': 53}, {'y': 46, 'x': 35}]",Pass,False,False,False,False,False
452,"[{'y': 14, 'x': 88}, {'y': 59, 'x': 85}]",Pass,False,False,False,False,True
453,"[{'y': 77, 'x': 80}, {'y': 90, 'x': 85}]",Pass,False,False,False,False,False
454,"[{'y': 28, 'x': 80}, {'y': 38, 'x': 69}]",Pass,False,False,False,False,False
455,"[{'y': 41, 'x': 98}, {'y': 0, 'x': 0}]",Offside,False,False,False,False,False
456,"[{'y': 11, 'x': 95}, {'y': 36, 'x': 89}]",Pass,False,False,False,True,False
457,"[{'y': 2, 'x': 73}, {'y': 6, 'x': 90}]",Others on the ball,False,False,False,False,False
458,"[{'y': 12, 'x': 95}, {'y': 0, 'x': 0}]",Pass,False,False,False,True,False
459,"[{'y': 12, 'x': 46}, {'y': 6, 'x': 38}]",Pass,False,False,False,False,False
460,"[{'y': 19, 'x': 55}, {'y': 22, 'x': 56}]",Foul,False,False,False,False,False
461,"[{'y': 21, 'x': 56}, {'y': 25, 'x': 46}]",Pass,False,False,False,False,False
462,"[{'y': 34, 'x': 89}, {'y': 63, 'x': 86}]",Others on the ball,False,False,False,False,False
463,"[{'y': 36, 'x': 95}, {'y': 36, 'x': 93}]",Foul,False,False,False,False,False
464,"[{'y': 7, 'x': 78}, {'y': 0, 'x': 0}]",Offside,False,False,False,False,False
465,"[{'y': 3, 'x': 77}, {'y': 16, 'x': 67}]",Pass,False,False,False,False,False
466,"[{'y': 20, 'x': 66}, {'y': 9, 'x': 70}]",Pass,False,False,False,False,False
467,"[{'y': 24, 'x': 85}, {'y': 42, 'x': 86}]",Pass,False,False,False,False,False
468,"[{'y': 37, 'x': 91}, {'y': 0, 'x': 0}]",Shot,False,False,False,False,True
469,"[{'y': 20, 'x': 72}, {'y': 26, 'x': 60}]",Pass,False,False,False,False,False
470,"[{'y': 10, 'x': 75}, {'y': 36, 'x': 91}]",Pass,False,False,False,False,False
471,"[{'y': 9, 'x': 78}, {'y': 25, 'x': 91}]",Others on the ball,False,False,False,False,False
472,"[{'y': 27, 'x': 94}, {'y': 0, 'x': 0}]",Shot,False,False,False,True,False
473,"[{'y': 48, 'x': 92}, {'y': 0, 'x': 0}]",Shot,False,False,False,False,False
474,"[{'y': 44, 'x': 44}, {'y': 38, 'x': 43}]",Pass,False,False,False,False,False
475,"[{'y': 42, 'x': 43}, {'y': 39, 'x': 48}]",Pass,False,False,False,False,False
476,"[{'y': 82, 'x': 91}, {'y': 51, 'x': 92}]",Pass,False,False,True,False,True
477,"[{'y': 91, 'x': 71}, {'y': 82, 'x': 68}]",Pass,False,False,False,False,False
478,"[{'y': 51, 'x': 46}, {'y': 58, 'x': 36}]",Pass,False,False,False,False,False
479,"[{'y': 45, 'x': 55}, {'y': 36, 'x': 39}]",Pass,False,False,False,False,False
480,"[{'y': 11, 'x': 42}, {'y': 9, 'x': 29}]",Pass,False,False,False,False,False
481,"[{'y': 10, 'x': 55}, {'y': 30, 'x': 83}]",Others on the ball,False,False,False,False,False
482,"[{'y': 30, 'x': 83}, {'y': 41, 'x': 78}]",Pass,False,False,False,False,False
483,"[{'y': 77, 'x': 72}, {'y': 74, 'x': 88}]",Pass,False,False,False,False,False
484,"[{'y': 46, 'x': 70}, {'y': 0, 'x': 0}]",Offside,False,False,False,False,False
485,"[{'y': 25, 'x': 60}, {'y': 11, 'x': 36}]",Pass,False,False,False,False,False
486,"[{'y': 19, 'x': 80}, {'y': 0, 'x': 0}]",Shot,False,False,False,False,True
487,"[{'y': 84, 'x': 71}, {'y': 95, 'x': 67}]",Pass,False,False,False,False,False
488,"[{'y': 86, 'x': 70}, {'y': 81, 'x': 70}]",Pass,False,False,False,False,False
489,"[{'y': 80, 'x': 74}, {'y': 93, 'x': 87}]",Pass,False,False,False,False,False
490,"[{'y': 33, 'x': 69}, {'y': 42, 'x': 77}]",Pass,False,False,False,False,False
491,"[{'y': 22, 'x': 91}, {'y': 60, 'x': 88}]",Pass,False,False,False,False,True
492,"[{'y': 66, 'x': 67}, {'y': 67, 'x': 61}]",Foul,False,False,False,False,False
493,"[{'y': 62, 'x': 91}, {'y': 48, 'x': 94}]",Pass,False,False,False,False,False
494,"[{'y': 60, 'x': 11}, {'y': 48, 'x': 19}]",Others on the ball,False,False,False,False,False
495,"[{'y': 72, 'x': 71}, {'y': 69, 'x': 63}]",Pass,False,False,False,False,False
496,"[{'y': 34, 'x': 61}, {'y': 35, 'x': 61}]",Others on the ball,False,False,False,False,False
497,"[{'y': 14, 'x': 65}, {'y': 6, 'x': 58}]",Others on the ball,False,False,False,False,False
498,"[{'y': 37, 'x': 74}, {'y': 9, 'x': 64}]",Pass,False,False,False,False,False
499,"[{'y': 32, 'x': 87}, {'y': 31, 'x': 89}]",Pass,False,False,False,False,False
500,"[{'y': 62, 'x': 87}, {'y': 100, 'x': 100}]",Shot,False,False,False,False,True
501,"[{'y': 55, 'x': 35}, {'y': 77, 'x': 37}]",Pass,False,False,False,False,False
502,"[{'y': 74, 'x': 70}, {'y': 92, 'x': 64}]",Pass,False,False,False,False,False
503,"[{'y': 37, 'x': 71}, {'y': 94, 'x': 98}]",Pass,False,False,False,False,False
504,"[{'y': 80, 'x': 60}, {'y': 71, 'x': 58}]",Pass,False,False,False,False,False
505,"[{'y': 84, 'x': 67}, {'y': 77, 'x': 61}]",Pass,False,False,False,False,False
506,"[{'y': 34, 'x': 82}, {'y': 41, 'x': 77}]",Pass,False,False,True,False,False
507,"[{'y': 91, 'x': 81}, {'y': 99, 'x': 94}]",Pass,False,False,False,False,False
508,"[{'y': 55, 'x': 96}, {'y': 100, 'x': 100}]",Offside,False,False,False,False,False
509,"[{'y': 12, 'x': 75}, {'y': 23, 'x': 87}]",Others on the ball,False,False,False,False,False
510,"[{'y': 23, 'x': 95}, {'y': 62, 'x': 94}]",Pass,False,False,False,True,False
511,"[{'y': 84, 'x': 74}, {'y': 88, 'x': 69}]",Pass,False,False,False,False,False
512,"[{'y': 54, 'x': 76}, {'y': 60, 'x': 76}]",Pass,False,False,False,False,False
513,"[{'y': 46, 'x': 72}, {'y': 11, 'x': 65}]",Pass,False,False,False,False,False
514,"[{'y': 90, 'x': 75}, {'y': 93, 'x': 84}]",Pass,False,False,False,False,False
515,"[{'y': 51, 'x': 45}, {'y': 49, 'x': 60}]",Pass,False,False,False,False,False
516,"[{'y': 33, 'x': 64}, {'y': 6, 'x': 68}]",Pass,False,False,False,False,False
517,"[{'y': 70, 'x': 77}, {'y': 77, 'x': 69}]",Pass,False,False,False,False,False
518,"[{'y': 94, 'x': 37}, {'y': 72, 'x': 36}]",Pass,False,False,False,False,False
519,"[{'y': 83, 'x': 63}, {'y': 77, 'x': 57}]",Pass,False,False,False,False,False
520,"[{'y': 87, 'x': 63}, {'y': 69, 'x': 33}]",Pass,False,False,False,False,False
521,"[{'y': 71, 'x': 60}, {'y': 68, 'x': 75}]",Pass,False,False,False,False,False
522,"[{'y': 57, 'x': 37}, {'y': 92, 'x': 49}]",Pass,False,False,False,False,False
523,"[{'y': 52, 'x': 80}, {'y': 63, 'x': 69}]",Pass,False,False,False,False,False
524,"[{'y': 49, 'x': 85}, {'y': 100, 'x': 100}]",Shot,False,False,False,False,True
525,"[{'y': 56, 'x': 89}, {'y': 100, 'x': 100}]",Shot,False,False,False,False,False
526,"[{'y': 95, 'x': 92}, {'y': 100, 'x': 93}]",Others on the ball,False,False,False,False,False
527,"[{'y': 76, 'x': 56}, {'y': 95, 'x': 54}]",Pass,False,False,False,False,False
528,"[{'y': 68, 'x': 87}, {'y': 59, 'x': 78}]",Pass,False,False,False,False,False
529,"[{'y': 44, 'x': 10}, {'y': 21, 'x': 30}]",Others on the ball,False,False,False,False,False
530,"[{'y': 5, 'x': 34}, {'y': 17, 'x': 42}]",Pass,False,False,False,False,False
531,"[{'y': 72, 'x': 89}, {'y': 100, 'x': 100}]",Shot,False,False,False,False,True
532,"[{'y': 28, 'x': 90}, {'y': 100, 'x': 100}]",Shot,False,False,False,True,False
533,"[{'y': 68, 'x': 73}, {'y': 68, 'x': 71}]",Pass,False,False,False,False,False
534,"[{'y': 65, 'x': 73}, {'y': 78, 'x': 89}]",Pass,False,False,False,False,False
535,"[{'y': 22, 'x': 86}, {'y': 26, 'x': 85}]",Pass,False,False,False,False,False
536,"[{'y': 81, 'x': 91}, {'y': 77, 'x': 80}]",Others on the ball,False,False,False,False,False
537,"[{'y': 46, 'x': 60}, {'y': 51, 'x': 54}]",Pass,False,False,False,False,False
538,"[{'y': 3, 'x': 70}, {'y': 17, 'x': 89}]",Others on the ball,False,False,False,False,False
539,"[{'y': 24, 'x': 86}, {'y': 0, 'x': 0}]",Shot,False,False,False,False,True
540,"[{'y': 11, 'x': 85}, {'y': 10, 'x': 76}]",Pass,False,False,False,False,False
541,"[{'y': 44, 'x': 91}, {'y': 54, 'x': 97}]",Pass,False,False,False,False,False
542,"[{'y': 92, 'x': 80}, {'y': 82, 'x': 93}]",Pass,False,False,False,False,False
543,"[{'y': 96, 'x': 75}, {'y': 92, 'x': 62}]",Pass,False,False,False,False,False
544,"[{'y': 20, 'x': 73}, {'y': 0, 'x': 70}]",Others on the ball,False,False,False,False,False
545,"[{'y': 37, 'x': 85}, {'y': 58, 'x': 87}]",Pass,False,False,False,False,False
546,"[{'y': 33, 'x': 75}, {'y': 0, 'x': 0}]",Free Kick,False,False,False,False,True
547,"[{'y': 8, 'x': 68}, {'y': 6, 'x': 74}]",Pass,False,False,False,False,False
548,"[{'y': 63, 'x': 94}, {'y': 0, 'x': 0}]",Shot,False,False,False,False,True
549,"[{'y': 67, 'x': 91}, {'y': 0, 'x': 0}]",Shot,False,False,False,False,True
550,"[{'y': 16, 'x': 68}, {'y': 3, 'x': 66}]",Pass,False,False,False,False,False
551,"[{'y': 26, 'x': 74}, {'y': 18, 'x': 88}]",Pass,False,False,False,False,False
552,"[{'y': 56, 'x': 88}, {'y': 0, 'x': 0}]",Shot,False,False,False,False,True
553,"[{'y': 56, 'x': 76}, {'y': 84, 'x': 96}]",Pass,False,False,False,False,False
554,"[{'y': 13, 'x': 79}, {'y': 8, 'x': 89}]",Pass,False,False,False,False,False
555,"[{'y': 49, 'x': 95}, {'y': 0, 'x': 0}]",Shot,False,False,False,True,False
556,"[{'y': 28, 'x': 49}, {'y': 8, 'x': 44}]",Pass,False,False,False,False,False
557,"[{'y': 79, 'x': 82}, {'y': 81, 'x': 94}]",Pass,False,False,False,False,False
558,"[{'y': 26, 'x': 91}, {'y': 41, 'x': 87}]",Pass,False,False,True,False,False
559,"[{'y': 52, 'x': 89}, {'y': 72, 'x': 93}]",Others on the ball,False,False,False,False,False
560,"[{'y': 28, 'x': 89}, {'y': 0, 'x': 0}]",Shot,False,False,False,False,True
561,"[{'y': 74, 'x': 92}, {'y': 0, 'x': 0}]",Shot,False,False,False,False,True
562,"[{'y': 17, 'x': 77}, {'y': 34, 'x': 82}]",Pass,False,False,False,False,False
563,"[{'y': 6, 'x': 89}, {'y': 14, 'x': 76}]",Pass,False,False,False,False,False
564,"[{'y': 17, 'x': 88}, {'y': 22, 'x': 99}]",Pass,False,False,False,False,False
565,"[{'y': 40, 'x': 83}, {'y': 58, 'x': 78}]",Pass,False,False,False,False,False
566,"[{'y': 37, 'x': 79}, {'y': 0, 'x': 0}]",Shot,False,False,False,False,True
567,"[{'y': 7, 'x': 88}, {'y': 0, 'x': 0}]",Pass,False,False,False,False,True
568,"[{'y': 71, 'x': 48}, {'y': 66, 'x': 55}]",Pass,False,False,False,False,False
569,"[{'y': 72, 'x': 67}, {'y': 68, 'x': 59}]",Pass,False,False,False,False,False
570,"[{'y': 64, 'x': 79}, {'y': 72, 'x': 81}]",Pass,False,False,False,False,False
571,"[{'y': 50, 'x': 88}, {'y': 38, 'x': 88}]",Pass,False,False,False,False,False
572,"[{'y': 86, 'x': 80}, {'y': 0, 'x': 0}]",Offside,False,False,False,False,False
573,"[{'y': 59, 'x': 90}, {'y': 96, 'x': 79}]",Pass,False,False,False,False,False
574,"[{'y': 55, 'x': 83}, {'y': 52, 'x': 82}]",Pass,False,False,False,False,False
575,"[{'y': 48, 'x': 95}, {'y': 32, 'x': 100}]",Others on the ball,False,False,False,False,False
576,"[{'y': 76, 'x': 76}, {'y': 93, 'x': 91}]",Pass,False,False,False,False,False
577,"[{'y': 15, 'x': 73}, {'y': 6, 'x': 63}]",Pass,False,False,False,False,False
578,"[{'y': 11, 'x': 69}, {'y': 7, 'x': 61}]",Pass,False,False,False,False,False
579,"[{'y': 40, 'x': 90}, {'y': 0, 'x': 0}]",Shot,False,False,False,False,False
580,"[{'y': 6, 'x': 69}, {'y': 24, 'x': 70}]",Pass,False,False,False,False,False
581,"[{'y': 12, 'x': 66}, {'y': 20, 'x': 59}]",Pass,False,False,False,False,False
582,"[{'y': 18, 'x': 91}, {'y': 70, 'x': 97}]",Pass,False,False,False,False,True
583,"[{'y': 5, 'x': 47}, {'y': 9, 'x': 57}]",Others on the ball,False,False,False,False,False
584,"[{'y': 9, 'x': 57}, {'y': 5, 'x': 72}]",Pass,False,False,False,False,False
585,"[{'y': 11, 'x': 93}, {'y': 39, 'x': 85}]",Pass,False,False,False,True,False
586,"[{'y': 6, 'x': 70}, {'y': 19, 'x': 84}]",Pass,False,False,False,False,False
587,"[{'y': 11, 'x': 71}, {'y': 13, 'x': 74}]",Others on the ball,False,False,False,False,False
588,"[{'y': 12, 'x': 67}, {'y': 12, 'x': 56}]",Pass,False,False,False,False,False
589,"[{'y': 8, 'x': 39}, {'y': 5, 'x': 27}]",Pass,False,False,False,False,False
590,"[{'y': 5, 'x': 67}, {'y': 29, 'x': 45}]",Pass,False,False,False,False,False
591,"[{'y': 6, 'x': 69}, {'y': 16, 'x': 84}]",Others on the ball,False,False,False,False,False
592,"[{'y': 26, 'x': 86}, {'y': 25, 'x': 84}]",Foul,False,False,False,False,False
593,"[{'y': 8, 'x': 82}, {'y': 0, 'x': 83}]",Others on the ball,False,False,False,False,False
594,"[{'y': 4, 'x': 71}, {'y': 8, 'x': 87}]",Pass,False,False,False,False,False
595,"[{'y': 41, 'x': 72}, {'y': 75, 'x': 54}]",Pass,False,False,False,False,False
596,"[{'y': 28, 'x': 69}, {'y': 0, 'x': 0}]",Offside,False,False,False,False,False
597,"[{'y': 55, 'x': 95}, {'y': 0, 'x': 0}]",Shot,False,False,False,False,False
598,"[{'y': 7, 'x': 59}, {'y': 18, 'x': 37}]",Pass,False,False,False,False,False
599,"[{'y': 23, 'x': 74}, {'y': 0, 'x': 0}]",Shot,False,False,False,False,True
600,"[{'y': 8, 'x': 80}, {'y': 30, 'x': 74}]",Pass,False,False,False,False,False
601,"[{'y': 68, 'x': 26}, {'y': 49, 'x': 33}]",Pass,False,False,False,False,False
602,"[{'y': 53, 'x': 53}, {'y': 77, 'x': 58}]",Pass,False,False,False,False,False
603,"[{'y': 8, 'x': 65}, {'y': 26, 'x': 34}]",Pass,False,False,False,False,False
604,"[{'y': 8, 'x': 92}, {'y': 16, 'x': 70}]",Pass,False,False,False,False,False
605,"[{'y': 24, 'x': 63}, {'y': 12, 'x': 64}]",Pass,False,False,False,False,False
606,"[{'y': 57, 'x': 90}, {'y': 47, 'x': 94}]",Foul,False,False,False,False,False
607,"[{'y': 5, 'x': 66}, {'y': 23, 'x': 69}]",Pass,False,False,False,False,False
608,"[{'y': 26, 'x': 87}, {'y': 28, 'x': 95}]",Pass,False,False,False,False,False
609,"[{'y': 44, 'x': 75}, {'y': 0, 'x': 0}]",Offside,False,False,False,False,False
610,"[{'y': 0, 'x': 76}, {'y': 8, 'x': 93}]",Free Kick,False,False,False,False,False
611,"[{'y': 10, 'x': 84}, {'y': 41, 'x': 81}]",Pass,False,False,False,False,False
612,"[{'y': 54, 'x': 60}, {'y': 52, 'x': 74}]",Others on the ball,False,False,False,False,False
613,"[{'y': 52, 'x': 74}, {'y': 75, 'x': 94}]",Pass,False,False,False,False,False
614,"[{'y': 0, 'x': 69}, {'y': 21, 'x': 72}]",Free Kick,False,False,False,False,False
615,"[{'y': 10, 'x': 74}, {'y': 7, 'x': 93}]",Pass,False,False,False,False,False
616,"[{'y': 40, 'x': 87}, {'y': 0, 'x': 0}]",Shot,False,False,False,False,True
617,"[{'y': 95, 'x': 35}, {'y': 87, 'x': 66}]",Others on the ball,False,False,False,False,False
618,"[{'y': 87, 'x': 66}, {'y': 92, 'x': 80}]",Pass,False,False,False,False,False
619,"[{'y': 64, 'x': 79}, {'y': 51, 'x': 82}]",Pass,False,True,False,False,False
620,"[{'y': 52, 'x': 70}, {'y': 49, 'x': 68}]",Pass,False,False,False,False,False
621,"[{'y': 58, 'x': 93}, {'y': 0, 'x': 0}]",Shot,False,False,False,True,False
622,"[{'y': 35, 'x': 38}, {'y': 34, 'x': 23}]",Pass,False,False,False,False,False
623,"[{'y': 37, 'x': 45}, {'y': 55, 'x': 56}]",Others on the ball,False,False,False,False,False
624,"[{'y': 45, 'x': 97}, {'y': 0, 'x': 0}]",Shot,True,False,False,True,False
625,"[{'y': 10, 'x': 34}, {'y': 12, 'x': 29}]",Pass,False,False,False,False,False
626,"[{'y': 7, 'x': 72}, {'y': 31, 'x': 73}]",Pass,False,False,False,False,False
627,"[{'y': 56, 'x': 96}, {'y': 0, 'x': 0}]",Offside,False,False,False,False,False
628,"[{'y': 5, 'x': 69}, {'y': 3, 'x': 80}]",Others on the ball,False,False,False,False,False
629,"[{'y': 22, 'x': 69}, {'y': 27, 'x': 63}]",Pass,False,False,False,False,False
630,"[{'y': 51, 'x': 92}, {'y': 0, 'x': 0}]",Shot,True,False,False,False,False
631,"[{'y': 8, 'x': 71}, {'y': 30, 'x': 69}]",Pass,False,False,False,False,False
632,"[{'y': 10, 'x': 67}, {'y': 22, 'x': 63}]",Pass,False,False,False,False,False
633,"[{'y': 42, 'x': 66}, {'y': 50, 'x': 59}]",Pass,False,False,False,False,False
634,"[{'y': 30, 'x': 70}, {'y': 55, 'x': 70}]",Pass,False,False,False,False,False
635,"[{'y': 33, 'x': 53}, {'y': 52, 'x': 45}]",Pass,False,False,False,False,False
636,"[{'y': 64, 'x': 34}, {'y': 58, 'x': 65}]",Others on the ball,False,False,False,False,False
637,"[{'y': 58, 'x': 65}, {'y': 42, 'x': 76}]",Pass,False,False,False,False,False
638,"[{'y': 50, 'x': 90}, {'y': 61, 'x': 92}]",Free Kick,True,False,False,False,True
639,"[{'y': 8, 'x': 37}, {'y': 51, 'x': 33}]",Pass,False,False,False,False,False
640,"[{'y': 40, 'x': 90}, {'y': 42, 'x': 91}]",Foul,False,False,False,False,False
641,"[{'y': 29, 'x': 74}, {'y': 28, 'x': 64}]",Pass,False,False,False,False,False
642,"[{'y': 30, 'x': 75}, {'y': 42, 'x': 75}]",Pass,False,False,False,False,False
643,"[{'y': 14, 'x': 95}, {'y': 42, 'x': 97}]",Pass,False,False,False,True,False
644,"[{'y': 16, 'x': 53}, {'y': 18, 'x': 60}]",Pass,False,False,False,False,False
645,"[{'y': 32, 'x': 36}, {'y': 53, 'x': 48}]",Pass,False,False,False,False,False
646,"[{'y': 26, 'x': 89}, {'y': 100, 'x': 100}]",Shot,False,False,False,False,True
647,"[{'y': 32, 'x': 95}, {'y': 100, 'x': 100}]",Shot,False,False,False,False,True
648,"[{'y': 22, 'x': 45}, {'y': 14, 'x': 40}]",Pass,False,False,False,False,False
649,"[{'y': 11, 'x': 64}, {'y': 21, 'x': 60}]",Pass,False,False,False,False,False
650,"[{'y': 8, 'x': 71}, {'y': 34, 'x': 69}]",Pass,False,False,False,False,False
651,"[{'y': 14, 'x': 48}, {'y': 29, 'x': 48}]",Pass,False,False,False,False,False
652,"[{'y': 22, 'x': 51}, {'y': 37, 'x': 46}]",Pass,False,False,False,False,False
653,"[{'y': 43, 'x': 65}, {'y': 50, 'x': 57}]",Pass,False,False,False,False,False
654,"[{'y': 50, 'x': 90}, {'y': 43, 'x': 94}]",Free Kick,True,False,False,False,True
655,"[{'y': 7, 'x': 83}, {'y': 9, 'x': 86}]",Foul,False,False,False,False,False
656,"[{'y': 10, 'x': 27}, {'y': 31, 'x': 29}]",Pass,False,False,False,False,False
657,"[{'y': 34, 'x': 36}, {'y': 43, 'x': 39}]",Others on the ball,False,False,False,False,False
658,"[{'y': 8, 'x': 54}, {'y': 33, 'x': 58}]",Pass,False,False,False,False,False
659,"[{'y': 16, 'x': 76}, {'y': 10, 'x': 63}]",Pass,False,False,False,False,False
660,"[{'y': 43, 'x': 35}, {'y': 66, 'x': 35}]",Pass,False,False,False,False,False
661,"[{'y': 3, 'x': 67}, {'y': 4, 'x': 82}]",Pass,False,False,False,False,False
662,"[{'y': 19, 'x': 74}, {'y': 7, 'x': 74}]",Pass,False,False,False,False,False
663,"[{'y': 43, 'x': 82}, {'y': 5, 'x': 86}]",Pass,False,False,False,False,False
664,"[{'y': 51, 'x': 92}, {'y': 100, 'x': 100}]",Shot,False,False,False,False,True
665,"[{'y': 22, 'x': 33}, {'y': 34, 'x': 33}]",Pass,False,False,False,False,False
666,"[{'y': 8, 'x': 45}, {'y': 11, 'x': 41}]",Pass,False,False,False,False,False
667,"[{'y': 11, 'x': 41}, {'y': 22, 'x': 41}]",Pass,False,False,False,False,False
668,"[{'y': 9, 'x': 48}, {'y': 2, 'x': 58}]",Pass,False,False,False,False,False
669,"[{'y': 29, 'x': 73}, {'y': 28, 'x': 67}]",Pass,False,False,False,False,False
670,"[{'y': 11, 'x': 65}, {'y': 17, 'x': 76}]",Pass,False,False,False,False,False
671,"[{'y': 33, 'x': 72}, {'y': 100, 'x': 100}]",Free Kick,False,False,False,False,True
672,"[{'y': 29, 'x': 53}, {'y': 40, 'x': 45}]",Pass,False,False,False,False,False
673,"[{'y': 56, 'x': 89}, {'y': 100, 'x': 100}]",Shot,False,False,False,False,True
674,"[{'y': 29, 'x': 73}, {'y': 65, 'x': 79}]",Pass,False,False,False,False,False
675,"[{'y': 7, 'x': 42}, {'y': 28, 'x': 47}]",Pass,False,False,False,False,False
676,"[{'y': 7, 'x': 45}, {'y': 8, 'x': 36}]",Pass,False,False,False,False,False
677,"[{'y': 23, 'x': 74}, {'y': 46, 'x': 75}]",Pass,False,False,False,False,False
678,"[{'y': 58, 'x': 78}, {'y': 59, 'x': 71}]",Pass,False,False,False,False,False
679,"[{'y': 27, 'x': 89}, {'y': 100, 'x': 100}]",Shot,False,False,False,True,False
680,"[{'y': 96, 'x': 74}, {'y': 94, 'x': 72}]",Pass,False,False,False,False,False
681,"[{'y': 33, 'x': 96}, {'y': 100, 'x': 100}]",Shot,False,False,False,True,False
682,"[{'y': 15, 'x': 72}, {'y': 22, 'x': 89}]",Pass,False,False,False,False,False
683,"[{'y': 46, 'x': 67}, {'y': 31, 'x': 69}]",Pass,False,False,False,False,False
684,"[{'y': 31, 'x': 87}, {'y': 39, 'x': 75}]",Pass,False,False,False,False,False
685,"[{'y': 34, 'x': 75}, {'y': 100, 'x': 100}]",Free Kick,False,False,False,False,True
686,"[{'y': 4, 'x': 56}, {'y': 29, 'x': 41}]",Pass,False,False,False,False,False
687,"[{'y': 16, 'x': 77}, {'y': 24, 'x': 77}]",Pass,False,False,False,False,False
688,"[{'y': 15, 'x': 72}, {'y': 9, 'x': 84}]",Pass,False,False,False,False,False
689,"[{'y': 53, 'x': 96}, {'y': 100, 'x': 100}]",Shot,False,False,False,False,True
690,"[{'y': 60, 'x': 97}, {'y': 37, 'x': 100}]",Others on the ball,False,False,False,False,False
691,"[{'y': 15, 'x': 62}, {'y': 21, 'x': 54}]",Pass,False,False,False,False,False
692,"[{'y': 7, 'x': 64}, {'y': 19, 'x': 56}]",Pass,False,False,False,False,False
693,"[{'y': 22, 'x': 76}, {'y': 31, 'x': 79}]",Others on the ball,False,False,False,False,False
694,"[{'y': 22, 'x': 70}, {'y': 53, 'x': 74}]",Pass,False,False,False,False,False
695,"[{'y': 16, 'x': 72}, {'y': 48, 'x': 76}]",Pass,False,False,False,False,False
696,"[{'y': 33, 'x': 88}, {'y': 100, 'x': 100}]",Offside,False,False,False,False,False
697,"[{'y': 57, 'x': 92}, {'y': 60, 'x': 89}]",Foul,False,False,False,False,False
698,"[{'y': 5, 'x': 58}, {'y': 33, 'x': 72}]",Pass,False,False,False,False,False
699,"[{'y': 20, 'x': 26}, {'y': 10, 'x': 46}]",Pass,False,False,False,False,False
700,"[{'y': 23, 'x': 62}, {'y': 6, 'x': 76}]",Pass,False,False,False,False,False
701,"[{'y': 34, 'x': 43}, {'y': 38, 'x': 28}]",Pass,False,False,False,False,False
702,"[{'y': 34, 'x': 74}, {'y': 100, 'x': 100}]",Free Kick,False,False,False,False,True
703,"[{'y': 77, 'x': 70}, {'y': 48, 'x': 88}]",Free Kick,False,False,False,False,False
704,"[{'y': 89, 'x': 68}, {'y': 96, 'x': 87}]",Pass,False,False,False,False,False
705,"[{'y': 64, 'x': 89}, {'y': 100, 'x': 100}]",Shot,False,False,False,False,True
706,"[{'y': 48, 'x': 68}, {'y': 70, 'x': 91}]",Pass,False,False,False,False,False
707,"[{'y': 31, 'x': 79}, {'y': 100, 'x': 100}]",Shot,False,False,False,False,True
708,"[{'y': 9, 'x': 58}, {'y': 9, 'x': 66}]",Pass,False,False,False,False,False
709,"[{'y': 27, 'x': 71}, {'y': 51, 'x': 67}]",Pass,False,False,False,False,False
710,"[{'y': 0, 'x': 82}, {'y': 6, 'x': 76}]",Free Kick,False,False,False,False,False
711,"[{'y': 22, 'x': 81}, {'y': 9, 'x': 97}]",Pass,False,False,False,False,False
712,"[{'y': 8, 'x': 61}, {'y': 6, 'x': 66}]",Pass,False,False,False,False,False
713,"[{'y': 49, 'x': 81}, {'y': 43, 'x': 86}]",Others on the ball,False,False,False,False,False
714,"[{'y': 93, 'x': 64}, {'y': 95, 'x': 93}]",Pass,False,False,False,False,False
715,"[{'y': 18, 'x': 84}, {'y': 11, 'x': 85}]",Pass,False,False,False,False,False
716,"[{'y': 23, 'x': 95}, {'y': 62, 'x': 86}]",Pass,False,True,False,True,False
717,"[{'y': 7, 'x': 72}, {'y': 0, 'x': 76}]",Others on the ball,False,False,False,False,False
718,"[{'y': 16, 'x': 90}, {'y': 0, 'x': 91}]",Others on the ball,False,False,False,False,False
719,"[{'y': 0, 'x': 100}, {'y': 17, 'x': 84}]",Free Kick,False,False,False,False,False
720,"[{'y': 0, 'x': 83}, {'y': 13, 'x': 63}]",Free Kick,False,False,False,False,False
721,"[{'y': 35, 'x': 98}, {'y': 0, 'x': 0}]",Shot,False,False,False,True,False
722,"[{'y': 98, 'x': 66}, {'y': 98, 'x': 81}]",Pass,False,False,False,False,False
723,"[{'y': 13, 'x': 85}, {'y': 15, 'x': 88}]",Foul,False,False,False,False,False
724,"[{'y': 75, 'x': 67}, {'y': 85, 'x': 51}]",Pass,False,False,False,False,False
725,"[{'y': 99, 'x': 70}, {'y': 71, 'x': 90}]",Others on the ball,False,False,False,False,False
726,"[{'y': 90, 'x': 93}, {'y': 94, 'x': 65}]",Pass,False,False,False,False,False
727,"[{'y': 89, 'x': 66}, {'y': 91, 'x': 51}]",Pass,False,False,False,False,False
728,"[{'y': 63, 'x': 86}, {'y': 0, 'x': 0}]",Shot,False,False,False,True,False
729,"[{'y': 32, 'x': 65}, {'y': 33, 'x': 79}]",Others on the ball,False,False,False,False,False
730,"[{'y': 33, 'x': 79}, {'y': 25, 'x': 77}]",Pass,False,False,False,False,False
731,"[{'y': 87, 'x': 70}, {'y': 74, 'x': 63}]",Pass,False,False,False,False,False
732,"[{'y': 42, 'x': 79}, {'y': 27, 'x': 80}]",Pass,False,False,False,False,False
733,"[{'y': 48, 'x': 91}, {'y': 0, 'x': 0}]",Shot,True,False,False,False,True
734,"[{'y': 46, 'x': 62}, {'y': 51, 'x': 64}]",Pass,False,False,False,False,False
735,"[{'y': 75, 'x': 98}, {'y': 57, 'x': 92}]",Pass,False,False,True,False,False
736,"[{'y': 50, 'x': 92}, {'y': 0, 'x': 0}]",Shot,False,False,False,False,True
737,"[{'y': 50, 'x': 96}, {'y': 50, 'x': 92}]",Others on the ball,False,False,False,False,False
738,"[{'y': 25, 'x': 46}, {'y': 41, 'x': 63}]",Pass,False,False,False,False,False
739,"[{'y': 58, 'x': 89}, {'y': 0, 'x': 0}]",Shot,True,False,False,False,False
740,"[{'y': 8, 'x': 67}, {'y': 23, 'x': 66}]",Pass,False,False,False,False,False
741,"[{'y': 24, 'x': 93}, {'y': 38, 'x': 78}]",Pass,False,False,False,False,False
742,"[{'y': 39, 'x': 69}, {'y': 16, 'x': 81}]",Pass,False,False,False,False,False
743,"[{'y': 33, 'x': 65}, {'y': 17, 'x': 90}]",Pass,False,False,False,False,False
744,"[{'y': 33, 'x': 72}, {'y': 18, 'x': 83}]",Pass,False,False,False,False,False
745,"[{'y': 37, 'x': 81}, {'y': 48, 'x': 87}]",Pass,False,False,False,False,False
746,"[{'y': 27, 'x': 50}, {'y': 5, 'x': 49}]",Pass,False,False,False,False,False
747,"[{'y': 64, 'x': 43}, {'y': 54, 'x': 29}]",Pass,False,False,False,False,False
748,"[{'y': 3, 'x': 79}, {'y': 0, 'x': 0}]",Offside,False,False,False,False,False
749,"[{'y': 1, 'x': 43}, {'y': 20, 'x': 39}]",Pass,False,False,False,False,False
750,"[{'y': 6, 'x': 86}, {'y': 2, 'x': 76}]",Pass,False,False,False,False,False
751,"[{'y': 2, 'x': 82}, {'y': 8, 'x': 84}]",Pass,False,False,False,False,False
752,"[{'y': 19, 'x': 64}, {'y': 40, 'x': 68}]",Pass,False,False,False,False,False
753,"[{'y': 10, 'x': 73}, {'y': 10, 'x': 71}]",Pass,False,False,False,False,False
754,"[{'y': 3, 'x': 75}, {'y': 0, 'x': 76}]",Others on the ball,False,False,False,False,False
755,"[{'y': 13, 'x': 82}, {'y': 16, 'x': 90}]",Pass,False,False,False,False,False
756,"[{'y': 74, 'x': 93}, {'y': 68, 'x': 90}]",Pass,False,False,False,False,False
757,"[{'y': 77, 'x': 97}, {'y': 55, 'x': 91}]",Pass,False,False,False,False,True
758,"[{'y': 60, 'x': 79}, {'y': 72, 'x': 82}]",Pass,False,False,False,False,False
759,"[{'y': 41, 'x': 96}, {'y': 0, 'x': 0}]",Shot,True,False,False,True,False
760,"[{'y': 64, 'x': 49}, {'y': 71, 'x': 32}]",Pass,False,False,False,False,False
761,"[{'y': 57, 'x': 84}, {'y': 52, 'x': 81}]",Pass,False,False,False,False,False
762,"[{'y': 61, 'x': 87}, {'y': 61, 'x': 74}]",Pass,False,False,False,False,False
763,"[{'y': 75, 'x': 61}, {'y': 92, 'x': 80}]",Pass,False,False,False,False,False
764,"[{'y': 46, 'x': 95}, {'y': 0, 'x': 0}]",Shot,False,False,False,False,False
765,"[{'y': 4, 'x': 48}, {'y': 27, 'x': 35}]",Pass,False,False,False,False,False
766,"[{'y': 5, 'x': 69}, {'y': 15, 'x': 94}]",Pass,False,False,False,False,False
767,"[{'y': 22, 'x': 59}, {'y': 7, 'x': 56}]",Pass,False,False,False,False,False
768,"[{'y': 44, 'x': 77}, {'y': 100, 'x': 100}]",Offside,False,False,False,False,False
769,"[{'y': 73, 'x': 77}, {'y': 73, 'x': 59}]",Pass,False,False,False,False,False
770,"[{'y': 66, 'x': 95}, {'y': 52, 'x': 95}]",Pass,False,False,False,False,True
771,"[{'y': 10, 'x': 62}, {'y': 6, 'x': 63}]",Pass,False,False,False,False,False
772,"[{'y': 65, 'x': 86}, {'y': 100, 'x': 100}]",Shot,False,False,False,False,True
773,"[{'y': 48, 'x': 4}, {'y': 32, 'x': 24}]",Others on the ball,False,False,False,False,False
774,"[{'y': 52, 'x': 22}, {'y': 94, 'x': 31}]",Others on the ball,False,False,False,False,False
775,"[{'y': 94, 'x': 31}, {'y': 89, 'x': 25}]",Pass,False,False,False,False,False
776,"[{'y': 42, 'x': 47}, {'y': 30, 'x': 46}]",Others on the ball,False,False,False,False,False
777,"[{'y': 51, 'x': 50}, {'y': 39, 'x': 34}]",Pass,False,False,False,False,False
778,"[{'y': 61, 'x': 90}, {'y': 100, 'x': 100}]",Shot,False,False,False,False,False
779,"[{'y': 56, 'x': 89}, {'y': 100, 'x': 100}]",Offside,False,False,False,False,False
780,"[{'y': 50, 'x': 50}, {'y': 57, 'x': 44}]",Pass,False,False,False,False,False
781,"[{'y': 34, 'x': 90}, {'y': 100, 'x': 100}]",Shot,False,False,False,True,False
782,"[{'y': 27, 'x': 82}, {'y': 100, 'x': 100}]",Offside,False,False,False,False,False
783,"[{'y': 56, 'x': 86}, {'y': 100, 'x': 100}]",Shot,False,False,False,False,True
784,"[{'y': 14, 'x': 55}, {'y': 37, 'x': 85}]",Pass,False,False,False,False,False
785,"[{'y': 73, 'x': 78}, {'y': 81, 'x': 92}]",Pass,False,False,False,False,False
786,"[{'y': 14, 'x': 77}, {'y': 100, 'x': 100}]",Offside,False,False,False,False,False
787,"[{'y': 32, 'x': 90}, {'y': 100, 'x': 100}]",Shot,True,False,False,False,True
788,"[{'y': 75, 'x': 95}, {'y': 44, 'x': 93}]",Pass,False,False,False,False,True
789,"[{'y': 8, 'x': 62}, {'y': 8, 'x': 59}]",Pass,False,False,False,False,False
790,"[{'y': 10, 'x': 69}, {'y': 9, 'x': 81}]",Pass,False,False,False,False,False
791,"[{'y': 32, 'x': 73}, {'y': 100, 'x': 100}]",Offside,False,False,False,False,False
792,"[{'y': 27, 'x': 68}, {'y': 87, 'x': 92}]",Pass,False,False,False,False,False
793,"[{'y': 74, 'x': 65}, {'y': 77, 'x': 41}]",Pass,False,False,False,False,False
794,"[{'y': 14, 'x': 77}, {'y': 7, 'x': 87}]",Pass,False,False,False,False,False
795,"[{'y': 69, 'x': 75}, {'y': 55, 'x': 74}]",Pass,False,False,False,False,False
796,"[{'y': 54, 'x': 70}, {'y': 45, 'x': 77}]",Pass,False,False,False,False,False
797,"[{'y': 9, 'x': 96}, {'y': 20, 'x': 75}]",Pass,False,False,False,False,False
798,"[{'y': 51, 'x': 72}, {'y': 64, 'x': 74}]",Pass,False,False,False,False,False
799,"[{'y': 46, 'x': 89}, {'y': 0, 'x': 0}]",Shot,False,False,False,False,True
800,"[{'y': 82, 'x': 72}, {'y': 86, 'x': 65}]",Pass,False,False,False,False,False
801,"[{'y': 8, 'x': 74}, {'y': 29, 'x': 87}]",Others on the ball,False,False,False,False,False
802,"[{'y': 33, 'x': 87}, {'y': 0, 'x': 0}]",Shot,False,False,False,False,True
803,"[{'y': 15, 'x': 70}, {'y': 17, 'x': 75}]",Pass,False,False,False,False,False
804,"[{'y': 30, 'x': 78}, {'y': 8, 'x': 96}]",Pass,False,False,False,False,False
805,"[{'y': 88, 'x': 69}, {'y': 78, 'x': 65}]",Pass,False,False,False,False,False
806,"[{'y': 68, 'x': 91}, {'y': 0, 'x': 0}]",Offside,False,False,False,False,False
807,"[{'y': 56, 'x': 71}, {'y': 72, 'x': 66}]",Pass,False,False,False,False,False
808,"[{'y': 32, 'x': 74}, {'y': 45, 'x': 74}]",Pass,False,False,False,False,False
809,"[{'y': 46, 'x': 89}, {'y': 0, 'x': 0}]",Shot,False,False,False,False,False
810,"[{'y': 29, 'x': 84}, {'y': 34, 'x': 85}]",Pass,False,False,False,False,False
811,"[{'y': 0, 'x': 100}, {'y': 16, 'x': 95}]",Free Kick,False,False,False,False,False
812,"[{'y': 35, 'x': 87}, {'y': 0, 'x': 0}]",Shot,False,False,False,False,True
813,"[{'y': 78, 'x': 87}, {'y': 69, 'x': 80}]",Pass,False,False,False,False,False
814,"[{'y': 54, 'x': 88}, {'y': 0, 'x': 0}]",Offside,False,False,False,False,False
815,"[{'y': 98, 'x': 61}, {'y': 78, 'x': 36}]",Pass,False,False,False,False,False
816,"[{'y': 47, 'x': 34}, {'y': 34, 'x': 26}]",Pass,False,False,False,False,False
817,"[{'y': 90, 'x': 88}, {'y': 85, 'x': 74}]",Pass,False,False,False,False,False
818,"[{'y': 50, 'x': 88}, {'y': 0, 'x': 0}]",Shot,True,False,False,True,False
819,"[{'y': 8, 'x': 62}, {'y': 7, 'x': 74}]",Pass,False,False,False,False,False
820,"[{'y': 9, 'x': 75}, {'y': 28, 'x': 71}]",Pass,False,False,False,False,False
821,"[{'y': 31, 'x': 52}, {'y': 52, 'x': 69}]",Others on the ball,False,False,False,False,False
822,"[{'y': 52, 'x': 69}, {'y': 65, 'x': 80}]",Pass,False,False,False,False,False
823,"[{'y': 70, 'x': 57}, {'y': 90, 'x': 75}]",Pass,False,False,False,False,False
824,"[{'y': 84, 'x': 65}, {'y': 94, 'x': 58}]",Pass,False,False,False,False,False
825,"[{'y': 51, 'x': 73}, {'y': 41, 'x': 73}]",Pass,False,False,False,False,False
826,"[{'y': 70, 'x': 69}, {'y': 68, 'x': 83}]",Pass,False,False,False,False,False
827,"[{'y': 88, 'x': 67}, {'y': 77, 'x': 69}]",Others on the ball,False,False,False,False,False
828,"[{'y': 55, 'x': 88}, {'y': 0, 'x': 0}]",Shot,True,False,False,False,True
829,"[{'y': 64, 'x': 69}, {'y': 44, 'x': 73}]",Others on the ball,False,False,False,False,False
830,"[{'y': 44, 'x': 73}, {'y': 62, 'x': 86}]",Pass,False,False,False,False,False
831,"[{'y': 34, 'x': 65}, {'y': 40, 'x': 67}]",Pass,False,False,False,False,False
832,"[{'y': 26, 'x': 66}, {'y': 32, 'x': 57}]",Pass,False,False,False,False,False
833,"[{'y': 50, 'x': 90}, {'y': 35, 'x': 99}]",Others on the ball,False,False,False,False,False
834,"[{'y': 21, 'x': 59}, {'y': 74, 'x': 76}]",Pass,False,False,False,False,False
835,"[{'y': 65, 'x': 90}, {'y': 65, 'x': 85}]",Pass,False,False,False,False,False
836,"[{'y': 36, 'x': 30}, {'y': 21, 'x': 23}]",Pass,False,False,False,False,False
837,"[{'y': 22, 'x': 89}, {'y': 25, 'x': 71}]",Pass,False,False,False,False,False
838,"[{'y': 90, 'x': 74}, {'y': 89, 'x': 73}]",Pass,False,False,False,False,False
839,"[{'y': 6, 'x': 68}, {'y': 8, 'x': 88}]",Pass,False,False,False,False,False
840,"[{'y': 95, 'x': 62}, {'y': 84, 'x': 95}]",Pass,False,False,False,False,False
841,"[{'y': 29, 'x': 45}, {'y': 47, 'x': 33}]",Pass,False,False,False,False,False
842,"[{'y': 18, 'x': 72}, {'y': 31, 'x': 90}]",Pass,False,False,False,False,False
843,"[{'y': 9, 'x': 70}, {'y': 27, 'x': 76}]",Pass,False,False,False,False,False
844,"[{'y': 49, 'x': 86}, {'y': 0, 'x': 0}]",Shot,False,False,False,False,True
845,"[{'y': 63, 'x': 93}, {'y': 0, 'x': 0}]",Shot,False,False,False,False,True
846,"[{'y': 69, 'x': 91}, {'y': 63, 'x': 88}]",Pass,False,False,False,False,False
847,"[{'y': 24, 'x': 83}, {'y': 39, 'x': 82}]",Pass,False,False,False,False,False
848,"[{'y': 16, 'x': 85}, {'y': 22, 'x': 76}]",Pass,False,False,False,False,False
849,"[{'y': 13, 'x': 63}, {'y': 4, 'x': 66}]",Pass,False,False,False,False,False
850,"[{'y': 21, 'x': 54}, {'y': 31, 'x': 41}]",Pass,False,False,False,False,False
851,"[{'y': 97, 'x': 64}, {'y': 99, 'x': 62}]",Pass,False,False,False,False,False
852,"[{'y': 4, 'x': 54}, {'y': 21, 'x': 67}]",Others on the ball,False,False,False,False,False
853,"[{'y': 22, 'x': 65}, {'y': 3, 'x': 67}]",Pass,False,False,False,False,False
854,"[{'y': 5, 'x': 53}, {'y': 17, 'x': 68}]",Others on the ball,False,False,False,False,False
855,"[{'y': 8, 'x': 71}, {'y': 0, 'x': 75}]",Pass,False,False,False,False,False
856,"[{'y': 70, 'x': 77}, {'y': 0, 'x': 0}]",Offside,False,False,False,False,False
857,"[{'y': 86, 'x': 63}, {'y': 70, 'x': 45}]",Pass,False,False,False,False,False
858,"[{'y': 30, 'x': 86}, {'y': 25, 'x': 98}]",Pass,False,False,False,False,False
859,"[{'y': 12, 'x': 63}, {'y': 0, 'x': 0}]",Offside,False,False,False,False,False
860,"[{'y': 6, 'x': 59}, {'y': 22, 'x': 63}]",Pass,False,False,False,False,False
861,"[{'y': 99, 'x': 63}, {'y': 74, 'x': 57}]",Pass,False,False,False,False,False
862,"[{'y': 86, 'x': 84}, {'y': 73, 'x': 97}]",Others on the ball,False,False,False,False,False
863,"[{'y': 73, 'x': 97}, {'y': 54, 'x': 89}]",Pass,False,False,False,False,False
864,"[{'y': 12, 'x': 53}, {'y': 19, 'x': 53}]",Pass,False,False,False,False,False
865,"[{'y': 14, 'x': 57}, {'y': 12, 'x': 70}]",Pass,False,False,False,False,False
866,"[{'y': 23, 'x': 60}, {'y': 29, 'x': 53}]",Free Kick,False,False,False,False,False
867,"[{'y': 7, 'x': 72}, {'y': 31, 'x': 94}]",Pass,False,False,False,False,False
868,"[{'y': 28, 'x': 77}, {'y': 79, 'x': 74}]",Pass,False,False,False,False,False
869,"[{'y': 94, 'x': 58}, {'y': 91, 'x': 52}]",Pass,False,False,False,False,False
870,"[{'y': 57, 'x': 68}, {'y': 37, 'x': 71}]",Pass,False,False,False,False,False
871,"[{'y': 65, 'x': 65}, {'y': 44, 'x': 66}]",Pass,False,False,False,False,False
872,"[{'y': 52, 'x': 86}, {'y': 0, 'x': 0}]",Shot,True,False,False,True,False
873,"[{'y': 34, 'x': 81}, {'y': 0, 'x': 0}]",Shot,False,False,False,False,True
874,"[{'y': 48, 'x': 76}, {'y': 52, 'x': 76}]",Pass,False,False,False,False,False
875,"[{'y': 42, 'x': 75}, {'y': 42, 'x': 70}]",Pass,False,False,False,False,False
876,"[{'y': 22, 'x': 55}, {'y': 71, 'x': 61}]",Pass,False,False,False,False,False
877,"[{'y': 4, 'x': 64}, {'y': 27, 'x': 70}]",Pass,False,False,False,False,False
878,"[{'y': 47, 'x': 67}, {'y': 84, 'x': 75}]",Pass,False,False,False,False,False
879,"[{'y': 48, 'x': 82}, {'y': 0, 'x': 0}]",Offside,False,False,False,False,False
880,"[{'y': 3, 'x': 76}, {'y': 21, 'x': 85}]",Pass,False,False,False,False,False
881,"[{'y': 59, 'x': 95}, {'y': 58, 'x': 96}]",Foul,False,False,False,False,False
882,"[{'y': 79, 'x': 69}, {'y': 49, 'x': 71}]",Pass,False,False,False,False,False
883,"[{'y': 49, 'x': 95}, {'y': 0, 'x': 0}]",Shot,False,False,False,False,True
884,"[{'y': 67, 'x': 79}, {'y': 63, 'x': 80}]",Pass,False,False,False,False,False
885,"[{'y': 10, 'x': 76}, {'y': 29, 'x': 70}]",Pass,False,False,False,False,False
886,"[{'y': 77, 'x': 96}, {'y': 0, 'x': 0}]",Pass,False,False,False,False,True
887,"[{'y': 45, 'x': 97}, {'y': 0, 'x': 0}]",Shot,True,False,False,False,False
888,"[{'y': 78, 'x': 92}, {'y': 56, 'x': 90}]",Pass,False,False,False,False,False
889,"[{'y': 84, 'x': 32}, {'y': 75, 'x': 28}]",Pass,False,False,False,False,False
890,"[{'y': 39, 'x': 9}, {'y': 33, 'x': 43}]",Others on the ball,False,False,False,False,False
891,"[{'y': 64, 'x': 84}, {'y': 100, 'x': 100}]",Offside,False,False,False,False,False
892,"[{'y': 91, 'x': 34}, {'y': 76, 'x': 57}]",Others on the ball,False,False,False,False,False
893,"[{'y': 67, 'x': 31}, {'y': 14, 'x': 45}]",Pass,False,False,False,False,False
894,"[{'y': 34, 'x': 58}, {'y': 31, 'x': 30}]",Pass,False,False,False,False,False
895,"[{'y': 19, 'x': 56}, {'y': 12, 'x': 34}]",Pass,False,False,False,False,False
896,"[{'y': 42, 'x': 88}, {'y': 100, 'x': 100}]",Shot,True,False,False,False,True
897,"[{'y': 7, 'x': 73}, {'y': 27, 'x': 66}]",Pass,False,False,False,False,False
898,"[{'y': 93, 'x': 90}, {'y': 60, 'x': 91}]",Pass,False,False,False,False,False
899,"[{'y': 96, 'x': 68}, {'y': 0, 'x': 72}]",Pass,False,False,False,False,False
900,"[{'y': 43, 'x': 88}, {'y': 100, 'x': 100}]",Shot,False,False,False,True,False
901,"[{'y': 82, 'x': 66}, {'y': 74, 'x': 76}]",Others on the ball,False,False,False,False,False
902,"[{'y': 74, 'x': 76}, {'y': 52, 'x': 82}]",Pass,False,False,False,False,False
903,"[{'y': 7, 'x': 58}, {'y': 13, 'x': 72}]",Others on the ball,False,False,False,False,False
904,"[{'y': 13, 'x': 72}, {'y': 29, 'x': 68}]",Pass,False,False,False,False,False
905,"[{'y': 12, 'x': 65}, {'y': 11, 'x': 74}]",Pass,False,False,False,False,False
906,"[{'y': 17, 'x': 66}, {'y': 13, 'x': 63}]",Pass,False,False,False,False,False
907,"[{'y': 9, 'x': 69}, {'y': 18, 'x': 60}]",Pass,False,False,False,False,False
908,"[{'y': 26, 'x': 45}, {'y': 24, 'x': 30}]",Pass,False,False,False,False,False
909,"[{'y': 8, 'x': 68}, {'y': 14, 'x': 64}]",Pass,False,False,False,False,False
910,"[{'y': 91, 'x': 57}, {'y': 70, 'x': 32}]",Pass,False,False,False,False,False
911,"[{'y': 44, 'x': 67}, {'y': 8, 'x': 74}]",Pass,False,False,False,False,False
912,"[{'y': 72, 'x': 88}, {'y': 77, 'x': 94}]",Pass,False,False,False,False,False
913,"[{'y': 64, 'x': 88}, {'y': 100, 'x': 100}]",Shot,False,False,False,False,True
914,"[{'y': 75, 'x': 33}, {'y': 54, 'x': 35}]",Pass,False,False,False,False,False
915,"[{'y': 53, 'x': 86}, {'y': 100, 'x': 100}]",Shot,False,False,False,False,True
916,"[{'y': 91, 'x': 73}, {'y': 90, 'x': 69}]",Others on the ball,False,False,False,False,False
917,"[{'y': 53, 'x': 76}, {'y': 100, 'x': 100}]",Shot,False,False,False,True,False
918,"[{'y': 59, 'x': 71}, {'y': 65, 'x': 71}]",Pass,False,False,False,False,False
919,"[{'y': 79, 'x': 52}, {'y': 62, 'x': 66}]",Pass,False,False,False,False,False
920,"[{'y': 62, 'x': 74}, {'y': 75, 'x': 67}]",Pass,False,False,False,False,False
921,"[{'y': 50, 'x': 94}, {'y': 100, 'x': 100}]",Shot,True,False,False,False,False
922,"[{'y': 40, 'x': 70}, {'y': 49, 'x': 64}]",Pass,False,False,False,False,False
923,"[{'y': 60, 'x': 81}, {'y': 0, 'x': 0}]",Free Kick,False,False,False,False,True
924,"[{'y': 68, 'x': 69}, {'y': 54, 'x': 60}]",Pass,False,False,False,False,False
925,"[{'y': 16, 'x': 64}, {'y': 12, 'x': 56}]",Pass,False,False,False,False,False
926,"[{'y': 27, 'x': 77}, {'y': 31, 'x': 84}]",Pass,False,False,False,False,False
927,"[{'y': 28, 'x': 65}, {'y': 23, 'x': 67}]",Pass,False,False,False,False,False
928,"[{'y': 30, 'x': 92}, {'y': 0, 'x': 0}]",Shot,False,False,False,True,False
929,"[{'y': 47, 'x': 92}, {'y': 46, 'x': 93}]",Foul,False,False,False,False,False
930,"[{'y': 16, 'x': 77}, {'y': 24, 'x': 93}]",Others on the ball,False,False,False,False,False
931,"[{'y': 26, 'x': 95}, {'y': 42, 'x': 90}]",Pass,False,False,False,True,False
932,"[{'y': 46, 'x': 87}, {'y': 0, 'x': 0}]",Shot,True,False,False,True,False
933,"[{'y': 41, 'x': 87}, {'y': 0, 'x': 0}]",Offside,False,False,False,False,False
934,"[{'y': 30, 'x': 91}, {'y': 0, 'x': 0}]",Shot,False,False,False,False,True
935,"[{'y': 14, 'x': 96}, {'y': 8, 'x': 79}]",Pass,False,False,False,False,False
936,"[{'y': 14, 'x': 42}, {'y': 3, 'x': 41}]",Pass,False,False,False,False,False
937,"[{'y': 21, 'x': 75}, {'y': 16, 'x': 90}]",Others on the ball,False,False,False,False,False
938,"[{'y': 16, 'x': 90}, {'y': 21, 'x': 83}]",Pass,False,False,False,False,False
939,"[{'y': 10, 'x': 70}, {'y': 22, 'x': 77}]",Others on the ball,False,False,False,False,False
940,"[{'y': 33, 'x': 77}, {'y': 34, 'x': 71}]",Pass,False,False,False,False,False
941,"[{'y': 37, 'x': 5}, {'y': 59, 'x': 10}]",Pass,False,False,False,False,False
942,"[{'y': 50, 'x': 51}, {'y': 54, 'x': 49}]",Pass,False,False,False,False,False
943,"[{'y': 2, 'x': 53}, {'y': 18, 'x': 49}]",Pass,False,False,False,False,False
944,"[{'y': 10, 'x': 65}, {'y': 15, 'x': 63}]",Pass,False,False,False,False,False
945,"[{'y': 52, 'x': 65}, {'y': 41, 'x': 66}]",Pass,False,False,False,False,False
946,"[{'y': 57, 'x': 73}, {'y': 0, 'x': 0}]",Shot,False,False,False,False,True
947,"[{'y': 10, 'x': 75}, {'y': 20, 'x': 92}]",Pass,False,False,False,False,False
948,"[{'y': 13, 'x': 74}, {'y': 19, 'x': 61}]",Pass,False,False,False,False,False
949,"[{'y': 71, 'x': 63}, {'y': 40, 'x': 62}]",Others on the ball,False,False,False,False,False
950,"[{'y': 40, 'x': 62}, {'y': 13, 'x': 67}]",Pass,False,False,False,False,False
951,"[{'y': 28, 'x': 84}, {'y': 0, 'x': 0}]",Offside,False,False,False,False,False
952,"[{'y': 41, 'x': 37}, {'y': 57, 'x': 37}]",Others on the ball,False,False,False,False,False
953,"[{'y': 36, 'x': 70}, {'y': 0, 'x': 0}]",Free Kick,False,False,False,False,True
954,"[{'y': 14, 'x': 91}, {'y': 45, 'x': 87}]",Pass,False,False,False,False,True
955,"[{'y': 38, 'x': 90}, {'y': 0, 'x': 0}]",Shot,False,False,False,False,True
956,"[{'y': 51, 'x': 89}, {'y': 0, 'x': 0}]",Shot,True,False,False,True,False
957,"[{'y': 15, 'x': 88}, {'y': 26, 'x': 82}]",Pass,False,False,False,False,False
958,"[{'y': 97, 'x': 61}, {'y': 77, 'x': 69}]",Others on the ball,False,False,False,False,False
959,"[{'y': 77, 'x': 69}, {'y': 79, 'x': 76}]",Pass,False,False,False,False,False
960,"[{'y': 59, 'x': 91}, {'y': 0, 'x': 0}]",Shot,False,False,False,False,False
961,"[{'y': 83, 'x': 74}, {'y': 75, 'x': 77}]",Pass,False,False,False,False,False
962,"[{'y': 66, 'x': 41}, {'y': 83, 'x': 69}]",Others on the ball,False,False,False,False,False
963,"[{'y': 83, 'x': 69}, {'y': 92, 'x': 67}]",Pass,False,False,False,False,False
964,"[{'y': 53, 'x': 90}, {'y': 58, 'x': 87}]",Pass,False,True,False,False,False
965,"[{'y': 21, 'x': 66}, {'y': 13, 'x': 63}]",Pass,False,False,False,False,False
966,"[{'y': 19, 'x': 67}, {'y': 16, 'x': 68}]",Pass,False,False,False,False,False
967,"[{'y': 23, 'x': 68}, {'y': 6, 'x': 74}]",Pass,False,False,False,False,False
968,"[{'y': 48, 'x': 96}, {'y': 0, 'x': 0}]",Shot,True,False,False,False,True
969,"[{'y': 37, 'x': 86}, {'y': 20, 'x': 68}]",Pass,False,False,False,False,False
970,"[{'y': 41, 'x': 78}, {'y': 20, 'x': 69}]",Others on the ball,False,False,False,False,False
971,"[{'y': 19, 'x': 85}, {'y': 22, 'x': 71}]",Pass,False,False,False,False,False
972,"[{'y': 87, 'x': 67}, {'y': 36, 'x': 89}]",Pass,False,False,False,False,False
973,"[{'y': 59, 'x': 57}, {'y': 61, 'x': 54}]",Pass,False,False,False,False,False
974,"[{'y': 61, 'x': 9}, {'y': 17, 'x': 25}]",Pass,False,False,False,False,False
975,"[{'y': 38, 'x': 80}, {'y': 28, 'x': 75}]",Pass,False,False,False,False,False
976,"[{'y': 19, 'x': 59}, {'y': 22, 'x': 71}]",Pass,False,False,False,False,False
977,"[{'y': 19, 'x': 79}, {'y': 38, 'x': 75}]",Pass,False,False,False,False,False
978,"[{'y': 23, 'x': 62}, {'y': 16, 'x': 65}]",Pass,False,False,False,False,False
979,"[{'y': 53, 'x': 88}, {'y': 0, 'x': 0}]",Shot,True,False,False,False,True
980,"[{'y': 67, 'x': 69}, {'y': 81, 'x': 78}]",Pass,False,False,False,False,False
981,"[{'y': 50, 'x': 50}, {'y': 41, 'x': 35}]",Pass,False,False,False,False,False
982,"[{'y': 0, 'x': 74}, {'y': 21, 'x': 77}]",Free Kick,False,False,False,False,False
983,"[{'y': 45, 'x': 71}, {'y': 35, 'x': 71}]",Pass,False,False,False,False,False
984,"[{'y': 34, 'x': 73}, {'y': 32, 'x': 66}]",Pass,False,False,False,False,False
985,"[{'y': 35, 'x': 72}, {'y': 27, 'x': 69}]",Pass,False,False,False,False,False
986,"[{'y': 87, 'x': 68}, {'y': 84, 'x': 64}]",Pass,False,False,False,False,False
987,"[{'y': 100, 'x': 100}, {'y': 74, 'x': 82}]",Free Kick,False,False,False,False,False
988,"[{'y': 81, 'x': 69}, {'y': 79, 'x': 69}]",Pass,False,False,False,False,False
989,"[{'y': 72, 'x': 76}, {'y': 73, 'x': 72}]",Pass,False,False,False,False,False
990,"[{'y': 60, 'x': 97}, {'y': 0, 'x': 0}]",Shot,False,False,False,False,True
991,"[{'y': 82, 'x': 65}, {'y': 99, 'x': 67}]",Pass,False,False,False,False,False
992,"[{'y': 98, 'x': 90}, {'y': 76, 'x': 72}]",Pass,False,False,False,False,False
993,"[{'y': 95, 'x': 75}, {'y': 0, 'x': 0}]",Pass,False,False,False,False,True
994,"[{'y': 43, 'x': 67}, {'y': 38, 'x': 63}]",Pass,False,False,False,False,False
995,"[{'y': 50, 'x': 72}, {'y': 0, 'x': 0}]",Shot,False,False,False,True,False
996,"[{'y': 37, 'x': 82}, {'y': 29, 'x': 91}]",Pass,False,False,False,False,False
997,"[{'y': 82, 'x': 66}, {'y': 95, 'x': 68}]",Pass,False,False,False,False,False
998,"[{'y': 13, 'x': 74}, {'y': 29, 'x': 68}]",Pass,False,False,False,False,False
999,"[{'y': 25, 'x': 95}, {'y': 53, 'x': 95}]",Pass,False,False,True,False,True
1000,"[{'y': 50, 'x': 68}, {'y': 54, 'x': 58}]",Pass,False,False,False,False,False
1001,"[{'y': 98, 'x': 63}, {'y': 98, 'x': 76}]",Others on the ball,False,False,False,False,False
1002,"[{'y': 98, 'x': 76}, {'y': 74, 'x': 78}]",Pass,False,False,False,False,False
1003,"[{'y': 86, 'x': 75}, {'y': 46, 'x': 90}]",Pass,False,False,False,True,False
1004,"[{'y': 54, 'x': 87}, {'y': 0, 'x': 0}]",Shot,False,False,False,True,False
1005,"[{'y': 45, 'x': 70}, {'y': 42, 'x': 75}]",Pass,False,False,False,False,False
1006,"[{'y': 18, 'x': 86}, {'y': 28, 'x': 70}]",Pass,False,False,False,False,False
1007,"[{'y': 3, 'x': 62}, {'y': 11, 'x': 75}]",Others on the ball,False,False,False,False,False
1008,"[{'y': 11, 'x': 75}, {'y': 16, 'x': 77}]",Pass,False,False,False,False,False
1009,"[{'y': 12, 'x': 99}, {'y': 61, 'x': 90}]",Pass,False,False,True,True,False
1010,"[{'y': 86, 'x': 97}, {'y': 36, 'x': 99}]",Pass,False,False,False,False,True
1011,"[{'y': 62, 'x': 91}, {'y': 0, 'x': 0}]",Shot,True,False,False,False,True
1012,"[{'y': 71, 'x': 90}, {'y': 66, 'x': 88}]",Pass,False,False,False,False,False
1013,"[{'y': 49, 'x': 50}, {'y': 40, 'x': 42}]",Pass,False,False,False,False,False
1014,"[{'y': 68, 'x': 74}, {'y': 89, 'x': 91}]",Pass,False,False,False,False,False
1015,"[{'y': 4, 'x': 62}, {'y': 15, 'x': 74}]",Others on the ball,False,False,False,False,False
1016,"[{'y': 22, 'x': 77}, {'y': 54, 'x': 84}]",Pass,False,False,False,False,False
1017,"[{'y': 55, 'x': 89}, {'y': 0, 'x': 0}]",Shot,False,False,False,False,False
1018,"[{'y': 9, 'x': 74}, {'y': 11, 'x': 89}]",Pass,False,False,False,False,False
1019,"[{'y': 44, 'x': 89}, {'y': 0, 'x': 0}]",Shot,False,False,False,False,False
1020,"[{'y': 10, 'x': 74}, {'y': 26, 'x': 90}]",Others on the ball,False,False,False,False,False
1021,"[{'y': 27, 'x': 89}, {'y': 0, 'x': 0}]",Shot,False,False,False,False,True
1022,"[{'y': 43, 'x': 89}, {'y': 0, 'x': 0}]",Shot,False,False,False,True,False
1023,"[{'y': 8, 'x': 95}, {'y': 0, 'x': 0}]",Pass,False,False,False,True,False
1024,"[{'y': 16, 'x': 98}, {'y': 17, 'x': 89}]",Pass,False,False,False,False,False
1025,"[{'y': 5, 'x': 67}, {'y': 13, 'x': 73}]",Pass,False,False,False,False,False
1026,"[{'y': 7, 'x': 75}, {'y': 10, 'x': 72}]",Pass,False,False,False,False,False
1027,"[{'y': 38, 'x': 88}, {'y': 41, 'x': 79}]",Pass,False,False,False,False,False
1028,"[{'y': 3, 'x': 48}, {'y': 10, 'x': 39}]",Pass,False,False,False,False,False
1029,"[{'y': 97, 'x': 70}, {'y': 100, 'x': 75}]",Others on the ball,False,False,False,False,False
1030,"[{'y': 85, 'x': 46}, {'y': 52, 'x': 64}]",Pass,False,False,False,False,False
1031,"[{'y': 86, 'x': 71}, {'y': 71, 'x': 77}]",Others on the ball,False,False,False,False,False
1032,"[{'y': 71, 'x': 77}, {'y': 72, 'x': 93}]",Pass,False,False,False,False,False
1033,"[{'y': 5, 'x': 73}, {'y': 8, 'x': 94}]",Others on the ball,False,False,False,False,False
1034,"[{'y': 10, 'x': 93}, {'y': 35, 'x': 94}]",Pass,False,False,False,False,True
1035,"[{'y': 79, 'x': 43}, {'y': 63, 'x': 62}]",Pass,False,False,False,False,False
1036,"[{'y': 91, 'x': 70}, {'y': 91, 'x': 95}]",Pass,False,False,False,False,False
1037,"[{'y': 89, 'x': 88}, {'y': 62, 'x': 84}]",Pass,False,False,False,False,False
1038,"[{'y': 84, 'x': 53}, {'y': 76, 'x': 70}]",Others on the ball,False,False,False,False,False
1039,"[{'y': 76, 'x': 70}, {'y': 66, 'x': 74}]",Pass,False,False,False,False,False
1040,"[{'y': 24, 'x': 60}, {'y': 7, 'x': 63}]",Pass,False,False,False,False,False
1041,"[{'y': 62, 'x': 92}, {'y': 0, 'x': 0}]",Shot,False,False,False,False,True
1042,"[{'y': 83, 'x': 64}, {'y': 95, 'x': 98}]",Pass,False,False,False,False,False
1043,"[{'y': 32, 'x': 77}, {'y': 35, 'x': 91}]",Others on the ball,False,False,False,False,False
1044,"[{'y': 98, 'x': 78}, {'y': 65, 'x': 75}]",Pass,False,False,False,False,False
1045,"[{'y': 18, 'x': 72}, {'y': 28, 'x': 76}]",Pass,False,False,False,False,False
1046,"[{'y': 17, 'x': 85}, {'y': 46, 'x': 65}]",Pass,False,False,False,False,False
1047,"[{'y': 80, 'x': 80}, {'y': 62, 'x': 78}]",Pass,False,False,False,False,False
1048,"[{'y': 27, 'x': 85}, {'y': 0, 'x': 0}]",Shot,False,False,False,True,False
1049,"[{'y': 62, 'x': 82}, {'y': 53, 'x': 80}]",Pass,False,False,False,False,False
1050,"[{'y': 69, 'x': 91}, {'y': 0, 'x': 0}]",Shot,False,False,False,False,True
1051,"[{'y': 6, 'x': 75}, {'y': 14, 'x': 85}]",Pass,False,False,False,False,False
1052,"[{'y': 23, 'x': 76}, {'y': 39, 'x': 75}]",Pass,False,False,False,False,False
1053,"[{'y': 82, 'x': 95}, {'y': 37, 'x': 94}]",Pass,False,False,False,False,True
1054,"[{'y': 91, 'x': 73}, {'y': 92, 'x': 78}]",Pass,False,False,False,False,False
1055,"[{'y': 66, 'x': 91}, {'y': 72, 'x': 97}]",Others on the ball,False,False,False,False,False
1056,"[{'y': 10, 'x': 93}, {'y': 0, 'x': 81}]",Others on the ball,False,False,False,False,False
1057,"[{'y': 48, 'x': 94}, {'y': 0, 'x': 0}]",Shot,True,False,False,False,True
1058,"[{'y': 76, 'x': 78}, {'y': 64, 'x': 89}]",Pass,False,False,False,False,False
1059,"[{'y': 8, 'x': 97}, {'y': 100, 'x': 100}]",Pass,False,False,False,True,False
1060,"[{'y': 7, 'x': 76}, {'y': 100, 'x': 100}]",Offside,False,False,False,False,False
1061,"[{'y': 36, 'x': 42}, {'y': 28, 'x': 42}]",Pass,False,False,False,False,False
1062,"[{'y': 14, 'x': 88}, {'y': 100, 'x': 100}]",Shot,False,False,False,False,True
1063,"[{'y': 9, 'x': 22}, {'y': 10, 'x': 18}]",Others on the ball,False,False,False,False,False
1064,"[{'y': 25, 'x': 86}, {'y': 23, 'x': 90}]",Pass,False,False,False,False,False
1065,"[{'y': 51, 'x': 99}, {'y': 100, 'x': 100}]",Shot,True,False,False,False,True
1066,"[{'y': 22, 'x': 39}, {'y': 13, 'x': 58}]",Pass,False,False,False,False,False
1067,"[{'y': 57, 'x': 66}, {'y': 62, 'x': 57}]",Pass,False,False,False,False,False
1068,"[{'y': 58, 'x': 65}, {'y': 63, 'x': 63}]",Others on the ball,False,False,False,False,False
1069,"[{'y': 88, 'x': 59}, {'y': 81, 'x': 60}]",Pass,False,False,False,False,False
1070,"[{'y': 55, 'x': 93}, {'y': 100, 'x': 100}]",Shot,False,False,False,False,False
1071,"[{'y': 97, 'x': 56}, {'y': 92, 'x': 39}]",Pass,False,False,False,False,False
1072,"[{'y': 66, 'x': 89}, {'y': 100, 'x': 100}]",Shot,False,False,False,False,True
1073,"[{'y': 31, 'x': 87}, {'y': 100, 'x': 100}]",Shot,False,False,False,True,False
1074,"[{'y': 7, 'x': 28}, {'y': 8, 'x': 10}]",Pass,False,False,False,False,False
1075,"[{'y': 10, 'x': 48}, {'y': 10, 'x': 68}]",Others on the ball,False,False,False,False,False
1076,"[{'y': 10, 'x': 68}, {'y': 5, 'x': 74}]",Pass,False,False,False,False,False
1077,"[{'y': 13, 'x': 76}, {'y': 9, 'x': 68}]",Pass,False,False,False,False,False
1078,"[{'y': 33, 'x': 52}, {'y': 30, 'x': 43}]",Pass,False,False,False,False,False
1079,"[{'y': 20, 'x': 69}, {'y': 14, 'x': 68}]",Pass,False,False,False,False,False
1080,"[{'y': 26, 'x': 70}, {'y': 43, 'x': 65}]",Pass,False,False,False,False,False
1081,"[{'y': 65, 'x': 96}, {'y': 100, 'x': 100}]",Shot,False,False,False,False,False
1082,"[{'y': 99, 'x': 23}, {'y': 94, 'x': 21}]",Pass,False,False,False,False,False
1083,"[{'y': 0, 'x': 28}, {'y': 9, 'x': 42}]",Free Kick,False,False,False,False,False
1084,"[{'y': 44, 'x': 38}, {'y': 98, 'x': 75}]",Pass,False,False,False,False,False
1085,"[{'y': 28, 'x': 81}, {'y': 100, 'x': 100}]",Free Kick,False,False,False,False,True
1086,"[{'y': 22, 'x': 84}, {'y': 24, 'x': 88}]",Others on the ball,False,False,False,False,False
1087,"[{'y': 3, 'x': 40}, {'y': 40, 'x': 34}]",Pass,False,False,False,False,False
1088,"[{'y': 85, 'x': 27}, {'y': 71, 'x': 13}]",Pass,False,False,False,False,False
1089,"[{'y': 0, 'x': 71}, {'y': 26, 'x': 41}]",Free Kick,False,False,False,False,False
1090,"[{'y': 27, 'x': 72}, {'y': 100, 'x': 100}]",Shot,False,False,False,False,True
1091,"[{'y': 92, 'x': 92}, {'y': 79, 'x': 85}]",Pass,False,False,False,False,False
1092,"[{'y': 75, 'x': 96}, {'y': 46, 'x': 94}]",Pass,False,False,True,False,True
1093,"[{'y': 51, 'x': 39}, {'y': 42, 'x': 53}]",Others on the ball,False,False,False,False,False
1094,"[{'y': 38, 'x': 74}, {'y': 100, 'x': 100}]",Shot,False,False,False,True,False
1095,"[{'y': 74, 'x': 52}, {'y': 51, 'x': 35}]",Pass,False,False,False,False,False
1096,"[{'y': 61, 'x': 67}, {'y': 93, 'x': 85}]",Pass,False,False,False,False,False
1097,"[{'y': 28, 'x': 71}, {'y': 100, 'x': 100}]",Offside,False,False,False,False,False
1098,"[{'y': 69, 'x': 38}, {'y': 23, 'x': 66}]",Pass,False,False,False,False,False
1099,"[{'y': 48, 'x': 93}, {'y': 100, 'x': 100}]",Shot,True,False,False,False,False
1100,"[{'y': 31, 'x': 40}, {'y': 22, 'x': 32}]",Pass,False,False,False,False,False
1101,"[{'y': 20, 'x': 66}, {'y': 0, 'x': 85}]",Others on the ball,False,False,False,False,False
1102,"[{'y': 23, 'x': 71}, {'y': 24, 'x': 76}]",Pass,False,False,False,False,False
1103,"[{'y': 32, 'x': 74}, {'y': 22, 'x': 92}]",Pass,False,False,False,False,False
1104,"[{'y': 66, 'x': 90}, {'y': 100, 'x': 100}]",Shot,False,False,False,True,False
1105,"[{'y': 77, 'x': 77}, {'y': 36, 'x': 74}]",Pass,False,False,False,False,False
1106,"[{'y': 9, 'x': 78}, {'y': 13, 'x': 84}]",Pass,False,False,False,False,False
1107,"[{'y': 13, 'x': 84}, {'y': 10, 'x': 92}]",Pass,False,False,False,False,False
1108,"[{'y': 36, 'x': 75}, {'y': 25, 'x': 62}]",Pass,False,False,False,False,False
1109,"[{'y': 5, 'x': 63}, {'y': 16, 'x': 58}]",Pass,False,False,False,False,False
1110,"[{'y': 12, 'x': 55}, {'y': 18, 'x': 38}]",Pass,False,False,False,False,False
1111,"[{'y': 50, 'x': 31}, {'y': 69, 'x': 23}]",Pass,False,False,False,False,False
1112,"[{'y': 77, 'x': 55}, {'y': 76, 'x': 40}]",Pass,False,False,False,False,False
1113,"[{'y': 27, 'x': 65}, {'y': 24, 'x': 71}]",Others on the ball,False,False,False,False,False
1114,"[{'y': 54, 'x': 56}, {'y': 95, 'x': 68}]",Pass,False,False,False,False,False
1115,"[{'y': 84, 'x': 53}, {'y': 96, 'x': 63}]",Pass,False,False,False,False,False
1116,"[{'y': 89, 'x': 73}, {'y': 83, 'x': 71}]",Pass,False,False,False,False,False
